Date,Open,High,Low,Close,Volume,Dividends,Stock Splits,date,avg_sentiment,num_headlines,price_change_pct,ma_7,ma_30,volatility,volume_change_pct,rsi,target
2023-08-08,177.205713919119,177.77769698523286,175.12488493894773,177.31419372558594,67823000,0.0,0.0,,0.0,0.0,0.5311588323831717,185.4642290387835,188.32976989746095,7.503933508850306,-30.492200446625763,23.418962132078477,0
2023-08-09,178.3693964131728,178.42856448196,174.56276182695083,175.72645568847656,60378500,0.0,0.0,,0.0,0.0,-0.8954376430612143,182.8917236328125,188.00531819661458,7.279707471944059,-10.976364949943228,23.715617083619748,0
2023-08-10,176.99860916334498,178.25105509162734,175.14461118800062,175.50949096679688,54686900,0.0,0.0,,0.0,0.0,-0.12346730651889848,180.40656389508928,187.63451639811197,6.177272445231,-9.426534279586274,24.55364364881754,1
2023-08-11,175.10462674008653,176.3883728930982,174.34424265962002,175.56874084472656,52036700,0.24,0.0,,0.0,0.0,0.033758788543747364,178.3567374093192,187.25451253255207,4.699038480836308,-4.846133169003908,22.434513316388532,1
2023-08-14,175.746520759633,177.44503302668653,175.0947628987085,177.21791076660156,43675600,0.0,0.0,,0.0,0.0,0.9393300390150516,176.74114990234375,186.7854995727539,1.418750954628191,-16.067698374416516,24.69728057447908,0
2023-08-15,176.6451282666605,177.2376229940336,174.8379899652799,175.2329864501953,43622600,0.0,0.0,,0.0,0.0,-1.1200472389161775,176.1353040422712,186.29996032714843,0.847975457128327,-0.12134922015953897,20.647242126285292,0
2023-08-16,174.9169842350172,176.30935657463468,174.29485048513217,174.36398315429688,46964900,0.0,0.0,,0.0,0.0,-0.4959130774989218,175.8476802280971,185.82260080973307,1.0656980153421143,7.661854176504845,20.938863767378948,0
2023-08-17,174.9268647491592,175.29223725703497,171.31258808782235,171.8260955810547,66062900,0.0,0.0,,0.0,0.0,-1.4555113546565246,175.06366620744978,185.24486541748047,1.6600205271036952,40.664411081467236,11.710541187986578,1
2023-08-18,170.14735612669347,172.9123770667114,169.8116075662743,172.30999755859375,61172200,0.0,0.0,,0.0,0.0,0.28162310032284754,174.57560076032365,184.72040659586588,1.9152873965899346,-7.403096140193666,11.30383879518618,1
2023-08-21,172.88272795365145,173.92948217703207,171.56934282132403,173.64309692382812,46311900,0.0,0.0,,0.0,0.0,0.7736633881507915,174.30897303989954,184.3084294637044,1.8933979581456082,-24.292570808308344,15.830909029885262,1
2023-08-22,174.8478727981476,175.46012191641384,174.04799506153495,175.0157470703125,42038900,0.0,0.0,,0.0,0.0,0.7905008438582106,174.22997392926897,183.95963033040366,1.8429398416246183,-9.22657027675392,21.959208612395685,1
2023-08-23,176.28962468028294,179.28176749229362,176.1019960768648,178.8571319580078,52722800,0.0,0.0,,0.0,0.0,2.194879576265807,174.46414838518416,183.68332265218098,2.3265684568872196,25.414318642971146,33.34069393665044,0
2023-08-24,178.41275636104422,178.83739189345877,173.81097351698816,174.17636108398438,54945800,0.0,0.0,,0.0,0.0,-2.6170445778602724,174.31320190429688,183.22567698160807,2.3025254391418177,4.216392149127124,39.25453365951251,1
2023-08-25,175.16386577811136,176.91174101480664,173.62335841851225,176.3784942626953,51449600,0.0,0.0,,0.0,0.0,1.2643123125354094,174.60098920549666,182.8365046183268,2.4321747285970248,-6.362997717750951,50.00240870215916,1
2023-08-28,177.84004032072406,178.3337935661488,176.31928695480332,177.9387969970703,43820700,0.0,0.0,,0.0,0.0,0.8846332093362275,175.47423226492745,182.39086405436197,2.3662873734738192,-14.827909254882442,51.2810177541162,1
2023-08-29,177.45489519701718,182.5899254092932,177.25739693272806,181.81967163085935,53003900,0.0,0.0,,0.0,0.0,2.1810165625953504,176.83275713239394,182.0831329345703,2.9134454506777248,20.956306038013995,61.422359420525275,1
2023-08-30,182.62940848986256,185.50305529692773,182.43191025327192,185.3055419921875,60813900,0.0,0.0,,0.0,0.0,1.9172129891452894,178.49882071358817,181.84656219482423,3.939390020519611,14.734764800326005,66.35880234101236,1
2023-08-31,185.49317264844964,186.7571794584308,185.1376697913831,185.52279663085935,60794500,0.0,0.0,,0.0,0.0,0.11724130662049692,179.9998277936663,181.68199208577474,4.369325697469995,-0.03190060167165276,66.53540053827896,1
2023-09-01,187.12259578872167,187.54721631397277,185.9277063979524,187.0929718017578,45766500,0.0,0.0,,0.0,0.0,0.8463516071411492,181.17637634277344,181.60887908935547,5.06397595819862,-24.719341387790017,66.44734233808376,1
2023-09-05,185.9276685232417,187.6064260712157,185.26604116890505,187.32992553710935,45280000,0.0,0.0,,0.0,0.0,0.12665026006568603,183.05545697893416,181.51703694661458,4.434945712459128,-1.0630045994340809,71.39365226885484,0
2023-09-06,186.0461550496904,186.4905448774819,179.2027445739978,180.624755859375,81755800,0.0,0.0,,0.0,0.0,-3.5793371819848763,183.66206577845983,181.17309061686197,3.576849591556497,80.55609540636041,59.17775004138093,0
2023-09-07,172.99134398653018,175.98350189646143,171.37183427986267,175.34161376953125,112488800,0.0,0.0,,0.0,0.0,-2.9249269097736175,183.2910396030971,180.62411295572917,4.3257679690611495,37.5912167699417,54.76956148925803,1
2023-09-08,176.12176201867752,177.98814840122637,175.56874581023814,175.95387268066406,65551300,0.0,0.0,,0.0,0.0,0.3491806069137571,182.45306832449776,180.1376205444336,5.148257550287413,-41.72637631479756,54.92654688889303,1
2023-09-11,177.82027676778657,178.0473990105972,175.12437356668377,177.119140625,58953100,0.0,0.0,,0.0,0.0,0.6622576284244452,181.28358241489954,179.6041727701823,5.319267375211109,-10.065704265209085,54.72106259657407,0
2023-09-12,177.24749835360407,177.87950173703112,172.6358460753217,174.09735107421875,90370200,0.0,0.0,,0.0,0.0,-1.7060773556817566,179.65137590680803,178.94961802164713,5.549623554372908,53.29168440675724,48.806141385802704,0
2023-09-13,174.30473020059844,175.08486860955094,171.8063404869434,172.03347778320312,84267900,0.0,0.0,,0.0,0.0,-1.185470817494394,177.50001961844308,178.2538803100586,5.083414449183069,-6.752557812199155,40.69987933831978,1
2023-09-14,171.8260758579031,173.8998448696545,171.41132506918257,173.54434204101562,60895800,0.0,0.0,,0.0,0.0,0.8782385133877746,175.53065054757255,177.7081075032552,2.7963681129457814,-27.735472226078972,49.05713635328932,0
2023-09-15,174.27510652680778,174.29486087176767,171.6483512368518,172.82347106933594,109259500,0.0,0.0,,0.0,0.0,-0.4153814311672055,174.41618129185267,177.18465576171874,1.807515213612176,79.4204197990666,44.45128759126312,1
2023-09-18,174.2751007250675,177.13887792290447,173.9689761950564,175.74649047851562,67257600,0.0,0.0,,0.0,0.0,1.6913324278778008,174.4740208217076,177.06040852864584,1.84808670735969,-38.44233224570861,46.71784700815221,1
2023-09-19,175.30212586469654,177.38576479928514,174.91699900323945,176.832763671875,51826900,0.0,0.0,,0.0,0.0,0.6180909731976492,174.59957667759485,177.07558898925782,1.9898033096114194,-22.942686031021033,41.85219866133758,0
2023-09-20,177.02035765272817,177.45486279571944,173.20858308214417,173.29747009277344,58436200,0.0,0.0,,0.0,0.0,-1.999229953597026,174.05362374441964,176.9416982014974,1.684078882857356,12.752643897281146,30.41238576021877,0
2023-09-21,172.36923745366522,174.09737357666756,171.68785565712008,171.75697326660156,63149100,0.0,0.0,,0.0,0.0,-0.8889320919383215,173.7192840576172,176.80938212076822,1.8932749517176568,8.065035029656276,28.4743858751646,1
2023-09-22,172.48775099523908,174.86764517240317,171.87550181385268,172.6062469482422,56725400,0.0,0.0,,0.0,0.0,0.4944624171516976,173.80110822405135,176.71260732014974,1.8192023302037497,-10.172274822602379,26.824612434323484,1
2023-09-25,172.02361011818323,174.7590070374673,171.97423178505466,173.880126953125,46172700,0.0,0.0,,0.0,0.0,0.7380265937100283,173.84907749720983,176.65632019042968,1.815727147175236,-18.60313016743822,29.17438076903815,0
2023-09-26,172.63588402695854,173.01112622988728,169.5153600429677,169.81161499023438,64588900,0.0,0.0,,0.0,0.0,-2.3398372397021694,173.41881234305245,176.4094436645508,2.371164575621597,39.885473450762035,31.76832223799022,0
2023-09-27,170.46333088230946,170.87808171574733,166.93794126401278,168.30068969726562,66921800,0.0,0.0,,0.0,0.0,-0.889765575255641,172.3551265171596,176.1783671061198,2.7866236987216095,3.6119209337827307,36.39834410420211,1
2023-09-28,167.2243249736919,169.8807195182162,165.5258128129139,168.55746459960938,56294400,0.0,0.0,,0.0,0.0,0.15256913254819704,171.17294093540735,175.9848164876302,2.2796817077706466,-15.88032599242698,35.51264387053968,1
2023-09-29,169.87084635964763,170.90773103963988,168.21182785802986,169.0709686279297,51861100,0.0,0.0,,0.0,0.0,0.3046462697692265,170.56915501185827,175.89297892252605,2.1807664357222567,-7.8752060595725375,33.82299809045466,1
2023-10-02,169.08081880430257,172.12233981703872,168.79443355791753,171.57920837402344,52164500,0.0,0.0,,0.0,0.0,1.4835425421933834,170.54376002720423,175.86861928304037,2.1656113353368696,0.585024228178721,44.83178053019745,0
2023-10-03,170.1078434596355,171.46073744550782,168.6858469308082,170.24609375,49594600,0.0,0.0,,0.0,0.0,-0.7769674639816482,170.20659528459822,175.75538584391276,1.9654612351800584,-4.926530494876779,46.218143920903174,1
2023-10-04,168.9524578917983,172.03348795172127,168.8339619515459,171.4903564453125,53020300,0.0,0.0,,0.0,0.0,0.7308612302962203,169.86519949776786,175.63787282307942,1.3238565768997197,6.9074052416997045,45.60446234747376,1
2023-10-05,171.61874445939648,173.25800883188634,170.52261166431626,172.72476196289062,48527900,0.0,0.0,,0.0,0.0,0.7198104564974495,170.28136335100447,175.43346048990887,1.7067247942824122,-8.47298110346415,49.793305117942936,1
2023-10-06,171.6285909459562,175.76624458491796,171.016326818613,175.27249145507812,57266700,0.0,0.0,,0.0,0.0,1.475022725887376,171.27733503069197,175.46999816894532,2.292088991218559,18.00778521221813,48.9916066772622,1
2023-10-09,174.6009972191987,176.81301689163445,173.60362121945622,176.75376892089844,42390800,0.0,0.0,,0.0,0.0,0.8451283219192307,172.44823564801897,175.48250732421874,2.723925074358655,-25.97652737105508,49.83472303897625,0
2023-10-10,175.87489990900735,177.47465549196244,175.72676490471198,176.16127014160156,43698000,0.0,0.0,,0.0,0.0,-0.3352113977054927,173.4611358642578,175.42325642903646,2.5728561157292678,3.0836879700312236,56.833248379815046,1
2023-10-11,175.9736185461729,177.60301297187604,175.3811238107674,177.5536346435547,47551100,0.0,0.0,,0.0,0.0,0.7903919521208724,174.3146253313337,175.2810551961263,2.8232757818018426,8.817566021328215,63.9297531813035,1
2023-10-12,177.82026707710477,180.06189553412176,176.80312172309905,178.4522705078125,56743100,0.0,0.0,,0.0,0.0,0.5061207933376721,175.48693629673548,175.0526128133138,2.5420557370486616,19.330783094397397,64.01512407934581,0
2023-10-13,179.15340788479125,179.65703072033497,175.91438812346496,176.6155242919922,51427100,0.0,0.0,,0.0,0.0,-1.0292646939114691,176.21910313197546,174.75570373535157,1.8403290762538544,-9.368539963449296,56.385448613144405,0
2023-10-16,174.54171793626583,176.8426091520335,174.3047110276888,176.4871063232422,52517000,0.0,0.0,,0.0,0.0,-0.07271046487266064,176.75658089773995,174.4021748860677,1.013253482366062,2.1193106358320835,69.09585970107298,0
2023-10-17,174.44298390478113,176.19087429527403,172.61610626933813,174.93673706054688,57549400,0.0,0.0,,0.0,0.0,-0.8784603561099558,176.70861598423548,173.98906860351562,1.09949241354201,9.582420930365409,68.94028475317965,0
2023-10-18,173.38635072108465,175.36136323860268,172.92222157401596,173.64309692382812,54764400,0.0,0.0,,0.0,0.0,-0.7394902628548583,176.2642342703683,173.7563466389974,1.595114623536164,-4.83932065321272,63.704057616810054,0
2023-10-19,173.84057783744473,175.6180919396984,173.00120664203897,173.26783752441406,59302900,0.0,0.0,,0.0,0.0,-0.216109598401526,175.85088675362724,173.68722076416014,1.9595128065199467,8.28731803872589,61.39403168585239,0
2023-10-20,173.1197103596996,173.22833664495803,170.4830706009531,170.72007751464844,64244000,0.0,0.0,,0.0,0.0,-1.4704171565635415,174.87466430664062,173.51276092529298,2.5752968709655164,8.331970274640877,47.67254977826721,1
2023-10-23,168.7747380957869,171.83599917885627,167.80697088494813,170.838623046875,55980100,0.0,0.0,,0.0,0.0,0.06943854170660124,173.78700038364954,173.30341033935548,2.4153052635178365,-12.863302409563538,51.71828178900958,1
2023-10-24,170.88797493724758,171.50022404547477,169.30795876796012,171.27310180664062,43816600,0.0,0.0,,0.0,0.0,0.25432115526149435,173.02379717145647,173.20926869710286,2.207713056897367,-21.728257005614495,49.338933378896385,0
2023-10-25,169.73259505065448,170.89784530264086,168.51795139973865,168.96234130859375,57157000,0.0,0.0,,0.0,0.0,-1.3491671918545722,171.9488307407924,173.10689748128254,2.067850143882445,30.445995353359233,39.2554355972795,0
2023-10-26,168.24141831331102,169.23880917055772,163.60014241201984,164.80490112304688,70625300,0.0,0.0,,0.0,0.0,-2.4605720738408277,170.50142560686385,172.81558278401693,2.9748753520369524,23.563692985985973,22.62400932214888,1
2023-10-27,164.82467062426355,166.8490614359056,164.745668316651,166.11830139160156,58499100,0.0,0.0,,0.0,0.0,0.7969424814460391,169.42645481654577,172.59207712809246,3.009763113138775,-17.169767774437773,21.938550382952954,1
2023-10-30,166.9082925975718,169.03142477889003,166.76015763515437,168.16241455078125,51131000,0.0,0.0,,0.0,0.0,1.2305165307228583,168.69710867745536,172.33927459716796,2.498999804394643,-12.59523650791209,30.39681809580864,1
2023-10-31,167.23421730907862,168.76484019690602,165.80232095364974,168.636474609375,44846000,0.0,0.0,,0.0,0.0,0.28190607268581136,168.39945111955916,172.0660649617513,2.336702575416025,-12.291955956269195,27.11627335088133,1
2023-11-01,168.86358325166134,172.05322449399938,167.99457285522465,171.79647827148438,56934900,0.0,0.0,,0.0,0.0,1.8738553859294793,168.53628758021765,172.01603190104166,2.523893745019389,26.956473264059234,34.69580655121116,1
2023-11-02,173.32709544733643,175.55885407348563,173.2678474852133,175.3514862060547,77334800,0.0,0.0,,0.0,0.0,2.0693136264134937,169.11891392299108,172.13584899902344,3.530836629598643,35.83022012860302,47.30634563058306,0
2023-11-03,172.06306912689155,174.61083668548292,171.18418929633518,174.4429473876953,79829200,0.0,0.0,,0.0,0.0,-0.5181243900560739,169.90185764857702,172.19707234700522,4.058543561368693,3.2254560689366274,45.78408800526682,1
2023-11-06,174.17636920813592,177.18825142381783,174.00849494223715,176.99075317382812,63841300,0.0,0.0,,0.0,0.0,1.4605381440101262,171.64269365583147,172.3007598876953,4.12089308590725,-20.02763399858698,54.06883885811838,1
2023-11-07,176.9413698079054,180.1606499568927,176.73400192517136,179.54840087890625,70530000,0.0,0.0,,0.0,0.0,1.4450741969362468,173.561279296875,172.6253194173177,4.2447037534366245,10.477073618488353,61.14005595790492,1
2023-11-08,180.07179468790036,181.15804266662397,179.3212801943679,180.60504150390625,49340300,0.0,0.0,,0.0,0.0,0.58849904528675,175.33879743303572,173.03546447753905,4.212182928493644,-30.04352757691763,63.494352224732346,0
2023-11-09,180.67415869856796,181.8196545511001,179.5385174163197,180.1310272216797,53763500,0.0,0.0,,0.0,0.0,-0.2624590533461424,176.98087637765067,173.42124989827474,3.3071710577352076,8.964679987758494,68.73761218153206,1
2023-11-10,181.91086536697577,184.48177017271385,181.47578777634308,184.31365966796875,66133400,0.24,0.0,,0.0,0.0,2.3219944452665953,178.76904514857702,173.92933959960936,3.4188978881373955,23.007988691212432,73.09224240814095,0
2023-11-13,183.74018560328048,183.94782669363863,182.1482051958573,182.73159790039065,43627500,0.0,0.0,,0.0,0.0,-0.8583529676683188,179.82334681919642,174.30108591715495,3.3260193353230623,-34.031064484814024,68.89336504099494,1
2023-11-14,185.5991101996175,186.0045247766197,184.214786141562,185.34202575683597,60108400,0.0,0.0,,0.0,0.0,1.4285585451227156,181.38035801478796,174.80428365071614,2.9129469569928728,37.776402498424154,76.74339461504242,1
2023-11-15,185.7474724520267,187.3789985945617,185.6782486931539,185.9056701660156,53790500,0.0,0.0,,0.0,0.0,0.304110417957304,182.65391758510046,175.28479410807293,2.606648595350388,-10.510843742305564,89.03213095801271,1
2023-11-16,187.4482069859036,188.8226485285232,186.5384909930313,187.58663940429688,54412900,0.0,0.0,,0.0,0.0,0.9042054697848467,183.80223737444197,175.78019002278646,2.775630365665444,1.157081640810187,89.17927717043528,0
2023-11-17,188.12059370194677,188.24914348244,186.4594046371221,187.56686401367188,50922700,0.0,0.0,,0.0,0.0,-0.010542003784386189,184.79678344726562,176.19000244140625,2.68487251783862,-6.414287788373718,88.23803567347831,1
2023-11-20,187.76462241033667,189.7620174322178,187.75473976876387,189.30715942382807,46505100,0.0,0.0,,0.0,0.0,0.9278266815983871,186.10765947614397,176.60844879150392,2.2284778502381877,-8.67510952875633,88.79710902004996,0
2023-11-21,189.2675961213261,189.3763655204944,187.61628985249988,188.50621032714844,38134500,0.0,0.0,,0.0,0.0,-0.4230949844249876,186.70659528459822,177.0199467976888,2.229358028992269,-17.999316204029235,84.40990396803525,1
2023-11-22,189.3467095850447,190.77057938008176,188.6940931656517,189.1687164306641,39617700,0.0,0.0,,0.0,0.0,0.35145054497986994,187.62618364606584,177.40711619059246,1.5363463357489153,3.889391495889538,82.3014986323538,0
2023-11-24,188.7336553269539,188.76331834061185,187.13179223741545,187.8437347412109,24048300,0.0,0.0,,0.0,0.0,-0.7004232594340354,187.9835706438337,177.72016499837238,1.1617539421830994,-39.2991011593303,80.72961643701413,0
2023-11-27,187.79426021241983,188.5358656068872,186.7856726513042,187.66571044921875,40552600,0.0,0.0,,0.0,0.0,-0.09477254710540395,188.23500497000558,178.0885045369466,0.7570626898336789,68.62979919578515,77.4638366162506,1
2023-11-28,187.6558347269926,188.9412871423915,187.28008315178343,188.26889038085935,38415400,0.0,0.0,,0.0,0.0,0.3214119032170393,188.3324693952288,178.48123067220052,0.7015623770096476,-5.27019229346577,74.94404561548089,0
2023-11-29,188.7633011569372,189.9399842182602,186.8549103746581,187.25042724609372,43014200,0.0,0.0,,0.0,0.0,-0.5409619893681383,188.28726414271765,178.89168701171874,0.7663221277924694,11.971240700344143,69.05003525581029,1
2023-11-30,187.71517468500207,188.18981305356235,186.08364867108205,187.82394409179688,48794400,0.0,0.0,,0.0,0.0,0.3062833309049884,188.07537623814173,179.3643819173177,0.6303043335935835,13.437887953280537,71.92785285252647,1
2023-12-01,188.1996691651381,189.4158977511225,187.111975250518,189.0994873046875,45704800,0.0,0.0,,0.0,0.0,0.6791164028944197,188.1601300920759,179.89210357666016,0.7299091577901554,-6.331874149492567,66.35136318706768,0
2023-12-04,187.8536157357217,187.9228394923183,185.35193435249076,187.3097686767578,43389500,0.0,0.0,,0.0,0.0,-0.9464428769423328,187.89456612723214,180.4450932820638,0.6336143503827413,-5.065769897253681,65.42303006625988,1
2023-12-05,188.08104861869373,192.22413865175915,188.0513705178724,191.25511169433597,66628400,0.0,0.0,,0.0,0.0,2.106319945537205,188.38190569196428,181.12564290364583,1.4163913412477178,53.558810311250426,68.27631417602844,0
2023-12-06,192.27358406476236,192.58011192579397,189.95977851245675,190.1674346923828,41089700,0.0,0.0,,0.0,0.0,-0.5687048007853912,188.73929486955916,181.75545399983724,1.5175679888745222,-38.330051449532036,62.759053569943966,1
2023-12-07,191.46276025185608,192.817421410012,191.42319951100376,192.09559631347656,47477700,0.0,0.0,,0.0,0.0,1.0139283964222257,189.28596714564733,182.5265625,1.948058886964558,15.546475150706861,63.30222118585089,1
2023-12-08,192.02637677770835,193.79635031367133,191.50231010992096,193.5194854736328,53406400,0.0,0.0,,0.0,0.0,0.7412398761253325,190.1815468924386,183.4837153116862,2.270624500483112,12.487336159923501,66.21768921281782,0
2023-12-11,190.9485830810774,191.3243346926335,189.2774962882125,191.01779174804688,60943700,0.0,0.0,,0.0,0.0,-1.292734795911188,190.63781084333147,184.3136983235677,2.0255941793258385,14.113102549507172,54.474897655496726,1
2023-12-12,190.91893974997748,192.54058332617893,189.5741610462004,192.53070068359372,52696900,0.0,0.0,,0.0,0.0,0.7920251415859614,191.12798418317522,185.1259745279948,2.0063604691114807,-13.531833479096278,60.149727813091786,1
2023-12-13,192.9063910592081,195.783823602978,192.6690869899489,195.7442779541016,70404200,0.0,0.0,,0.0,0.0,1.6691245910900543,192.3329140799386,186.02956797281902,1.8583729498913617,33.602166351341346,64.69289003994598,1
2023-12-14,195.80360435764132,197.38568681182423,193.96442237725344,195.89259338378903,66831600,0.0,0.0,,0.0,0.0,0.07576999503515758,192.9954114641462,186.83277180989583,2.2044893362033173,-5.074413174214043,68.98314624533239,0
2023-12-15,195.31914286428272,196.1794005549388,194.79507610008935,195.35870361328125,128538400,0.0,0.0,,0.0,0.0,-0.2725420911967813,193.73702130998885,187.4996790568034,1.953477259358303,92.331771198056,67.84430510389429,0
2023-12-18,193.8952224343076,194.4291868327445,192.21425301938103,193.6974639892578,55751900,0.0,0.0,,0.0,0.0,-0.8503535257440631,193.96585954938615,188.14149627685546,1.8182940998252155,-56.62626888151712,62.00271654969853,1
2023-12-19,193.9644492639128,194.7456004150459,193.69746706046115,194.7357177734375,40714100,0.0,0.0,,0.0,0.0,0.5360182641509725,194.13960702078683,188.73299509684244,1.8266214342177944,-26.972713037582572,66.53569955046913,0
2023-12-20,194.69614571593397,195.46741418063525,192.6493225097656,192.6493225097656,52242800,0.0,0.0,,0.0,0.0,-1.0713983482471767,194.37268284388952,189.16969248453776,1.4209282256759639,28.316234424928965,59.99183555854377,0
2023-12-21,193.90511142023345,194.87413831888384,191.33420648650613,192.50099182128903,46482500,0.0,0.0,,0.0,0.0,-0.07699517784135468,194.36843872070312,189.56622416178385,1.427376676068126,-11.026016982244446,57.38834508043549,0
2023-12-22,192.9953923922105,193.22282892375424,190.81013681243016,191.4330902099609,37149600,0.0,0.0,,0.0,0.0,-0.554751225551875,193.75255475725444,189.94295959472657,1.6478557249055752,-20.078309041036945,59.24612021947663,0
2023-12-26,191.4430119873433,191.71987686773372,190.671743379398,190.8892822265625,28919300,0.0,0.0,,0.0,0.0,-0.2840720916127748,193.03779602050778,190.16214701334636,1.649998729307047,-22.154478110127695,49.03199445077437,1
2023-12-27,190.33552729492325,191.3342172608312,188.95118798803827,190.98812866210935,48087700,0.0,0.0,,0.0,0.0,0.05178207723026684,192.41342817034038,190.43736470540364,1.4387872543639193,66.28237889575475,52.291518081200245,1
2023-12-28,191.967044481322,192.4812284908812,191.00790021395272,191.41331481933597,34049900,0.0,0.0,,0.0,0.0,0.22262439042943782,192.0871211460658,190.63974100748698,1.3556546629997572,-29.192080303279223,47.92041061588671,0
2023-12-29,191.72975289130505,192.22415660179112,189.58404259835584,190.3750915527344,42672100,0.0,0.0,,0.0,0.0,-0.5423986662482116,191.46417454310827,190.7887217203776,0.839279585402493,25.322247642430675,40.18516031255693,0
2024-01-02,185.05525771688224,186.3308274284663,181.8317517414996,183.56216430664065,82488700,0.0,0.0,,0.0,0.0,-3.5786862611732695,190.16600908551897,190.65457255045573,2.985154840268182,93.3082740244797,31.663306648332963,0
2024-01-03,182.15809638511385,183.79952025374087,181.37693010719957,182.1877593994141,58414500,0.0,0.0,,0.0,0.0,-0.7487408488661251,188.69269016810827,190.4752690633138,4.009832493861062,-29.184845924350856,24.387628404762026,0
2024-01-04,180.1112512492328,181.04073256447916,178.85547678867908,179.8739471435547,71983600,0.0,0.0,,0.0,0.0,-1.270015210399944,187.04138401576455,190.16082865397135,4.960599625302207,23.228992801444836,8.867111184933691,0
2024-01-05,179.953046197359,180.7144169560074,178.15340966673114,179.152099609375,62379700,0.0,0.0,,0.0,0.0,-0.4013074409289441,185.3646436418806,189.8490249633789,5.406779258326843,-13.341788963041578,7.864491038708081,1
2024-01-08,180.05188555859277,183.52260821958475,179.46849297664804,183.4830474853516,59144500,0.0,0.0,,0.0,0.0,2.417469784289339,184.29248918805806,189.6595026652018,4.8178450542956455,-5.186302595235304,24.905769638768177,0
2024-01-09,181.8614334502317,183.07766218215255,180.68475037086023,183.0677795410156,42841800,0.0,0.0,,0.0,0.0,-0.22632496572695393,183.10026986258373,189.50030415852865,3.654080673517794,-27.564186018987392,26.290123309724294,1
2024-01-10,182.286616409046,184.31365913260456,181.8614214601624,184.10601806640625,46792900,0.0,0.0,,0.0,0.0,0.567133401625175,182.2046879359654,189.38164774576822,1.9402690245798433,9.222535000863651,26.29007313500314,0
2024-01-11,184.4521049955326,184.9564063690912,181.5647895230864,183.5127410888672,49128400,0.0,0.0,,0.0,0.0,-0.3222474657645691,182.1976274762835,189.22310943603514,1.9345876102200827,4.991141818523759,28.1661976165596,1
2024-01-12,183.97748271061096,184.64987951630312,183.1172251929773,183.83905029296875,40477800,0.0,0.0,,0.0,0.0,0.1778128331392237,182.43352617536272,189.109396870931,2.0314366607693173,-17.608145186898007,29.47504293591271,0
2024-01-16,180.1211135415678,182.19759949773237,178.90486988724322,181.5746612548828,65603000,0.0,0.0,,0.0,0.0,-1.2317236378655005,182.6764853341239,188.90108744303384,1.7575271217482427,62.071555272272704,27.893406364796192,0
2024-01-17,179.241077797599,180.88248621338644,178.28193364707266,180.63528442382807,47317400,0.0,0.0,,0.0,0.0,-0.5173501768157562,182.88836887904577,188.61894734700522,1.2886914206022062,-27.87311555873969,27.407188753183917,1
2024-01-18,184.0071435872404,187.02300881659585,183.75005912545996,186.5187225341797,78005800,0.0,0.0,,0.0,0.0,3.2570813222444484,183.32203674316406,188.59257914225262,1.891811467314116,64.85647985730407,42.1527816103534,1
2024-01-19,187.21087293560348,189.80154302609117,186.7065866846462,189.41590881347656,68903000,0.0,0.0,,0.0,0.0,1.5532951544668494,184.22891235351562,188.5312723795573,2.966124582770859,-11.669388686482286,46.77313594134245,1
2024-01-22,190.14767889916803,193.1437643167826,190.10811815121016,191.71987915039065,60133900,0.0,0.0,,0.0,0.0,1.2163552424642843,185.31660679408483,188.58302052815756,4.094819825439447,-12.726731782360712,52.08718173154708,1
2024-01-23,192.83720939883852,193.55903452389103,191.66052626402544,192.9954071044922,42355600,0.0,0.0,,0.0,0.0,0.6653081358876545,186.67127336774553,188.6130142211914,4.889946974166666,-29.564521842089075,67.67982044980184,0
2024-01-24,193.23272951111284,194.18199120084623,192.16481576816375,192.32302856445312,53631300,0.0,0.0,,0.0,0.0,-0.3483909540267005,187.88327026367188,188.57313232421876,5.117091986487377,26.62150931635958,69.50893494388063,0
2024-01-25,193.03498542605584,194.07323623297103,190.9486011697228,191.99673461914065,54822100,0.0,0.0,,0.0,0.0,-0.16965932148012008,189.37213788713728,188.60576375325522,4.448084534672487,2.220345208861252,75.26796840164172,0
2024-01-26,192.0956267141711,192.58013270627515,189.79170355496896,190.26632690429688,44594000,0.0,0.0,,0.0,0.0,-0.9012693462085886,190.7480010986328,188.53028462727863,2.233409377588457,-18.656892019824124,72.2311140737049,0
2024-01-29,189.86089500402176,190.04877081575225,187.4581003710548,189.5840301513672,47145600,0.0,0.0,,0.0,0.0,-0.35860089592882893,191.18590218680245,188.32494303385417,1.4174175070996617,5.721845988249541,64.28911446472893,0
2024-01-30,188.80286821503816,189.6532430962833,185.37170567810733,185.9353179931641,55859400,0.0,0.0,,0.0,0.0,-1.9245883502370442,190.6886749267578,187.99303385416667,2.4069187610075904,18.482742822235785,55.832644834583476,0
2024-01-31,184.94651023142663,185.0058513431809,182.2866312758536,182.3360595703125,55467800,0.0,0.0,,0.0,0.0,-1.9357583388132427,189.34812927246094,187.55894571940104,3.8919341831461267,-0.7010458400913744,46.739545949252104,1
2024-02-01,181.9306371533844,184.85749793556397,181.7625417445701,184.7685089111328,64885400,0.0,0.0,,0.0,0.0,1.3340473335623049,188.17285810198103,187.26131388346354,3.848903759868557,16.978499237395383,52.16646203676597,0
2024-02-02,177.84690500460306,185.23329771545795,177.2437318686429,183.76986694335935,102551700,0.0,0.0,,0.0,0.0,-0.5404827768858533,186.9509778703962,186.89578552246093,3.6650565727634583,58.05050134544905,49.88335033080751,1
2024-02-05,186.04407104136263,187.13176501057416,183.75992879401903,185.57933044433597,69668800,0.0,0.0,,0.0,0.0,0.9846355831200082,186.0342058454241,186.66011912027994,2.9193120468943623,-32.064704924442985,56.8574507266886,1
2024-02-06,184.76852130142623,187.19109601961685,184.67953227102765,187.18121337890625,43490800,0.0,0.0,,0.0,0.0,0.8631796066592479,185.59347534179688,186.48279317220053,2.3515729115485065,-37.574925935282366,60.960332749114784,1
2024-02-07,188.50623739169367,188.91165203661865,186.49895962721544,187.29000854492188,53439000,0.0,0.0,,0.0,0.0,0.05812290883882021,185.26575796944755,186.34469045003254,1.7972793067168509,22.874263062532773,51.601024463078595,0
2024-02-08,187.2702046333428,187.41851968576853,185.25304448034683,186.21218872070312,40962000,0.0,0.0,,0.0,0.0,-0.5754817529202261,185.30531093052454,186.18878733317058,1.8174041433946784,-23.34811654409701,42.806415737428146,1
2024-02-09,186.7765376843336,188.10324181676,186.1329987846296,186.9745635986328,45155200,0.24,0.0,,0.0,0.0,0.40941190969683294,185.96795436314173,186.05500183105468,1.3362898588318208,10.236804843513504,38.552431350809286,0
2024-02-12,186.54880424779185,186.796321504533,184.9349868995182,185.2914123535156,41781900,0.0,0.0,,0.0,0.0,-0.9002033285823496,186.04265485491072,185.85093841552734,1.2710889081840506,-7.470457444546808,31.773394568938073,0
2024-02-13,183.9251386304961,184.3607714461939,181.68757282391297,183.20237731933597,56529500,0.0,0.0,,0.0,0.0,-1.1274321932383868,185.96158490862166,185.61184794108073,1.4462369163861268,35.2966236576125,29.77734923454294,0
2024-02-14,183.47959151637605,183.68749754312392,180.6281880058035,182.3211975097656,54630500,0.0,0.0,,0.0,0.0,-0.48098710424178126,185.49613734654017,185.5704823811849,2.0058007219419873,-3.359307971943848,29.06223584108197,0
2024-02-15,181.7271539268571,182.65782113209207,179.54900531664387,182.03407287597656,65434500,0.0,0.0,,0.0,0.0,-0.15748285866411527,184.76083156040735,185.56535949707032,2.2173973552530133,19.77649847612597,30.99856091594218,0
2024-02-16,181.5984584212064,183.0142649801448,179.86583763061847,180.49948120117188,49752500,0.0,0.0,,0.0,0.0,-0.8430244132647813,183.79075622558594,185.58621063232422,2.4040297337683145,-23.96595068350793,29.8250976442706,0
2024-02-20,179.98465441119404,180.6182980286837,178.2124373755958,179.75694274902344,53665600,0.0,0.0,,0.0,0.0,-0.41137982625050196,182.8685782296317,185.6063720703125,2.5538070863837734,7.865132405406761,34.24551573868722,1
2024-02-21,180.13318356154335,181.07374623255757,178.8658962581704,180.5094146728516,41371400,0.0,0.0,,0.0,0.0,0.4186052078549052,181.94498552594865,185.5072509765625,1.9090554500369439,-22.90890253719329,44.55107634801824,1
2024-02-22,181.6578711029192,183.1231842228548,180.64801151557128,182.53903198242188,52292200,0.0,0.0,,0.0,0.0,1.124383076222757,181.55178833007812,185.4896260579427,1.2870539165214618,26.396979555925103,43.18564887233547,0
2024-02-23,183.17267506039363,183.20237592421452,180.42028422645075,180.70741271972656,45119700,0.0,0.0,,0.0,0.0,-1.003412389560443,181.19536481584822,185.3763392130534,1.0830750061456196,-13.7161947670972,41.093200955379345,0
2024-02-26,180.43019254491847,180.9450175834942,178.85597124394113,179.3609161376953,40867400,0.0,0.0,,0.0,0.0,-0.7451252617509563,180.77246747698103,185.23794504801432,1.1463068522549609,-9.424486421673905,31.413933005695228,1
2024-02-27,179.3014951345761,182.0934817527884,177.77678047240937,180.81629943847656,54318900,0.0,0.0,,0.0,0.0,0.8114272228984198,180.59849984305245,185.1371866861979,1.0068545319997482,32.91498847492134,30.807992042188914,0
2024-02-28,180.6975189384851,181.30146173701144,178.34116458472795,179.61834716796875,48953900,0.0,0.0,,0.0,0.0,-0.6625244926635743,180.47262355259485,185.0719762166341,1.0741288705418173,-9.876856858294259,28.293512706046926,0
2024-02-29,179.4698267249393,180.75691955299587,177.74710108364005,178.95498657226562,136682600,0.0,0.0,,0.0,0.0,-0.3693167241333062,180.3580583844866,185.0159662882487,1.1987259716357839,179.20676391462172,28.973038548191425,0
2024-03-01,177.76690051629518,178.73716395290236,175.61845249589473,177.8758087158203,73563100,0.0,0.0,,0.0,0.0,-0.6030443057866486,179.98182896205358,184.72786916097004,1.5148970467703056,-46.1796161325582,24.11258042389143,0
2024-03-04,174.40064432483445,175.14319605787904,172.06408093389737,173.361083984375,81510100,0.0,0.0,,0.0,0.0,-2.5381330738786234,178.67069353376115,184.19270833333334,2.550520285702773,10.802970511030674,20.766555994257033,0
2024-03-05,169.06417026385637,170.3314573247722,167.9354922531265,168.43052673339844,95132400,0.0,0.0,,0.0,0.0,-2.844096920518191,176.91685267857142,183.41639658610026,4.438693674309428,16.71240741944864,18.22820055372422,0
2024-03-06,169.36121186741923,169.53943215491887,167.00484265804033,167.4404754638672,68587700,0.0,0.0,,0.0,0.0,-0.5878098755211725,175.21393258231026,182.56456553141277,5.503646217880074,-27.90290164024034,18.14323056348438,0
2024-03-07,167.47014430312151,169.03445493979737,166.81671032658778,167.32164001464844,71765100,0.0,0.0,,0.0,0.0,-0.07097175810659717,173.28612409319197,181.73118591308594,5.577146503619232,4.632609053809933,18.274910371622155,1
2024-03-08,167.32165453074688,171.97497562938204,167.26225281020422,169.0344696044922,76267000,0.0,0.0,,0.0,0.0,1.0236748753441605,171.7741415841239,180.9657770792643,4.976683263068575,6.273104893604264,25.466061599084156,1
2024-03-11,171.2225546353428,172.6482565736913,170.34139373001014,171.03443908691406,60139500,0.0,0.0,,0.0,0.0,1.183172572494473,170.64263480050224,180.32471415201823,3.8432783236109036,-21.1461051306594,32.287927837709205,1
2024-03-12,171.43046672764987,172.30173241116674,169.31171935776177,171.50967407226562,59825400,0.0,0.0,,0.0,0.0,0.2778592357706833,169.73318699428015,179.72223561604818,2.282835030551182,-0.5222856857805547,31.516859319835945,0
2024-03-13,171.05422401757613,171.4700511814422,169.0641756745517,169.43051147460938,52488700,0.0,0.0,,0.0,0.0,-1.2122713245785732,169.1716766357422,179.172075398763,1.6325304173031165,-12.263520177048548,23.133163286368173,1
2024-03-14,171.19281881058188,172.5789092413306,170.34135894390695,171.28192138671875,72913500,0.0,0.0,,0.0,0.0,1.0927252098786422,169.57901872907365,178.80360412597656,1.7669781193138028,38.91275645996186,30.697450300642913,0
2024-03-15,169.47011882986197,170.9057159423828,168.59885322457814,170.9057159423828,121752700,0.0,0.0,,0.0,0.0,-0.219641069699672,170.07405308314733,178.34151102701824,1.5386474125810383,66.98238323492906,31.96789809447816,1
2024-03-18,173.82643054023092,175.94517770513775,171.7967859641753,171.9947967529297,75604200,0.0,0.0,,0.0,0.0,0.6372407175158745,170.74164690290178,177.94900868733723,1.095317545250427,-37.90347154518955,30.888093430904036,1
2024-03-19,172.6086191723699,174.85607994565953,171.31163124958826,174.3313446044922,55215200,0.0,0.0,,0.0,0.0,1.3584991497847199,171.49834333147322,177.5740758260091,1.4810847384665446,-26.968078492993776,39.08417580548108,1
2024-03-20,173.97494430389506,176.89564514160156,173.35119593354975,176.89564514160156,53423100,0.0,0.0,,0.0,0.0,1.470934869989704,172.33565848214286,177.2312235514323,2.4889641441712587,-3.245664237383905,46.05763360451021,0
2024-03-21,175.29173693263047,175.72736975318543,169.14340118299,169.6681365966797,106181300,0.0,0.0,,0.0,0.0,-4.085747017195585,172.0725816999163,176.64382781982422,2.680752757356861,98.75540730507963,37.281401978235245,1
2024-03-22,170.05426688241553,171.33146450930536,168.37115239719608,170.56910705566406,71160100,0.0,0.0,,0.0,0.0,0.5310192456030149,172.23523821149553,176.1223917643229,2.5236650933909903,-32.982455479448824,45.127892975804954,0
2024-03-25,168.87608692531137,170.2324767040703,167.76719930445816,169.15330505371094,54288300,0.0,0.0,,0.0,0.0,-0.8300459716255038,171.93115016392298,175.52834981282552,2.773551431453745,-23.709635034239696,51.4376261807728,0
2024-03-26,168.3117257823714,169.71762191427138,167.89589862566189,168.0246124267578,57388400,0.0,0.0,,0.0,0.0,-0.6672601676891432,171.51956394740515,174.95278981526693,3.1405738464838886,5.710438529112172,51.15549186127095,1
2024-03-27,168.7176879462108,171.87601096065072,168.42066417893392,171.58888244628906,60273300,0.0,0.0,,0.0,0.0,2.1212785246476518,171.4615761893136,174.5656733194987,3.1340773572013445,5.026974092325287,57.42852983864626,0
2024-03-28,170.0443614510728,170.51959037094832,168.81667037520145,169.77703857421875,65672700,0.0,0.0,,0.0,0.0,-1.0559214829302555,170.8109610421317,174.1475346883138,2.9032637099549143,8.958195419862536,51.28824293352491,0
2024-04-01,169.48992969134684,169.54933141950085,167.79690490268092,168.34144592285156,46240500,0.0,0.0,,0.0,0.0,-0.8455752694376373,169.58893258231026,173.6911137898763,1.2379613924353126,-29.58946411522596,45.23475747721438,0
2024-04-02,167.40087579338118,167.65828830624176,166.55931106297376,167.1632537841797,49329500,0.0,0.0,,0.0,0.0,-0.6998823921304687,169.23109218052454,173.24657287597657,1.5371286293344963,6.6802910868178245,42.49571235500383,1
2024-04-03,167.11374996517486,168.98497988400436,166.90584392266877,167.9652099609375,47691700,0.0,0.0,,0.0,0.0,0.4797442970290611,168.8591068812779,172.8535151163737,1.4731004201174085,-3.320122847383411,47.35336722904742,0
2024-04-04,168.59883533803097,170.2126525655396,167.14344787597656,167.14344787597656,53704400,0.0,0.0,,0.0,0.0,-0.4892454128757051,168.57198442731584,172.4079828898112,1.5968723190101028,12.607434836669684,42.23630327363453,1
2024-04-05,167.90578453281648,168.6978426903414,167.27214102824712,167.89588928222656,42104800,0.0,0.0,,0.0,0.0,0.4501770280629369,168.55359540666853,171.919878133138,1.6049469703067034,-21.59897513052934,44.43221912982607,0
2024-04-08,167.3513719945941,167.51968192191484,166.5692240844266,166.77713012695312,37425500,0.0,0.0,,0.0,0.0,-0.6663410045691154,167.86620221819197,171.45553538004557,1.0075071855142024,-11.113459748057231,40.358593932832015,1
2024-04-09,167.02464767080627,168.39094781013864,166.67813256359855,167.98501586914062,42373800,0.0,0.0,,0.0,0.0,0.7242514254010901,167.61019897460938,171.0763387044271,0.5765532430227471,13.221733844571215,37.76256409079488,0
2024-04-10,167.12365945587084,167.4107728345435,165.45044033625643,166.11378479003906,49709300,0.0,0.0,,0.0,0.0,-1.1139273758554946,167.29196166992188,170.5862548828125,0.705937944634171,17.311404688746347,28.638705722021413,1
2024-04-11,166.66822184170525,173.7175238179071,166.49001666248702,173.3016815185547,91070300,0.0,0.0,,0.0,0.0,4.327092262451804,168.16887991768974,170.37569936116537,2.370209482175544,83.20575827863198,57.2101881513689,1
2024-04-12,172.52944039553972,176.58872985356905,172.47994902506244,174.7967071533203,101670900,0.0,0.0,,0.0,0.0,0.8626723189674168,169.14480808803015,170.23709004720052,3.4381904105407606,11.64001875474221,58.19577083316077,0
2024-04-15,173.6185038309996,174.8758957155582,170.78690583147454,170.9750213623047,73531800,0.0,0.0,,0.0,0.0,-2.186360288620015,169.69217572893416,170.00706380208334,3.3708030295857236,-27.67665084109613,53.23031017341528,0
2024-04-16,170.04436539186383,172.0343988146065,166.59892920522176,167.69790649414062,73711200,0.0,0.0,,0.0,0.0,-1.9167214263536736,169.6638924734933,169.81829121907552,3.389167635522424,0.2439760756570708,49.46169244438544,0
2024-04-17,167.9256158132339,168.95528100035153,166.33160400390625,166.33160400390625,50901200,0.0,0.0,,0.0,0.0,-0.814740338026887,169.6002458844866,169.74832712809246,3.455940223034615,-30.94509382563301,40.661261232935445,0
2024-04-18,166.36130787024413,166.96525061902096,164.89600984807865,165.38113403320312,43122900,0.0,0.0,,0.0,0.0,-0.5714307731204293,169.22826276506697,169.67968241373697,3.783395161191522,-15.2811721531123,41.944855153346644,0
2024-04-19,164.5594254399184,164.7475259173238,162.45057299096052,163.36143493652344,68149400,0.0,0.0,,0.0,0.0,-1.2212391144168833,168.83506992885046,169.54767557779948,4.272430322077407,58.035289834403535,41.06577768823268,1
2024-04-22,163.87623994630854,165.59895049362888,163.1336881290828,164.19305419921875,48116400,0.0,0.0,,0.0,0.0,0.5090670653195684,167.5338374546596,169.38629506429035,4.067497478378284,-29.395710013587795,44.60431654676259,1
2024-04-23,163.70792820716713,165.39104261951863,163.28219064755024,165.24252319335938,49537800,0.0,0.0,,0.0,0.0,0.6391677158689602,166.16895403180803,169.19323120117187,2.5405941528891796,2.954086340623996,45.09803167430759,1
2024-04-24,164.8861093338651,167.6187098522012,164.5593998092657,167.34149169921875,48251800,0.0,0.0,,0.0,0.0,1.2702350855555933,165.6498783656529,169.05429178873698,1.5873561070763758,-2.5959973999652775,50.340883960777994,1
2024-04-25,167.84642483703811,168.91570135131437,166.48012455092012,168.20285034179688,50558300,0.0,0.0,,0.0,0.0,0.5147310651002934,165.72201320103235,169.01336975097655,1.703184229544237,4.780132554640448,50.5263846477904,0
2024-04-26,168.19292468782604,169.63841695172266,167.49986430971396,167.61868286132812,44838400,0.0,0.0,,0.0,0.0,-0.3472993943216096,165.90588160923548,168.8912618001302,1.8436431700666984,-11.313473752084224,51.47006924934562,1
2024-04-29,171.64826373021612,174.28185098854456,171.38095596804143,171.7769775390625,68169400,0.0,0.0,,0.0,0.0,2.4808062005680753,166.81957353864397,168.92030385335286,2.8502835425275226,52.03352483585497,56.00501259431236,0
2024-04-30,171.60869637165644,173.25221487057408,168.31176412042663,168.63848876953125,65934800,0.0,0.0,,0.0,0.0,-1.8270718314493228,167.5734383719308,168.8084269205729,2.453441200790995,-3.2780103682884087,53.84388072142546,0
2024-05-01,167.8959009696714,170.9948217396029,167.43056733625505,167.61868286132812,50383100,0.0,0.0,,0.0,0.0,-0.6047290364400992,168.06281389508928,168.5846715291341,1.9585229742702288,-23.586482403829233,39.34669598005043,1
2024-05-02,170.79682058773386,171.69778712393833,169.19291342760516,171.31166076660156,94214900,0.0,0.0,,0.0,0.0,2.203201840172353,168.9298335484096,168.3985387166341,1.8418187678683653,86.99702876559799,43.96433079006286,1
2024-05-03,184.7963833456082,185.14291355827163,180.84601747897057,181.55886840820312,163224100,0.0,0.0,,0.0,0.0,5.98161712737264,170.9608873639788,168.7948964436849,4.9740528862263265,73.2465883846398,64.99300738601607,0
2024-05-06,180.53910014061185,182.3707188474722,178.62825898838415,179.90545654296875,78569700,0.0,0.0,,0.0,0.0,-0.9106753526999078,172.63268824986048,169.10610809326172,5.7919676400113085,-51.86390980253528,68.12702334298858,1
2024-05-07,181.62815272879564,183.0637497391675,179.5193160584302,180.5885772705078,77305800,0.0,0.0,,0.0,0.0,0.37971095522379983,174.48553030831474,169.4872838338216,5.991745559173035,-1.6086353899785744,71.60863859876011,1
2024-05-08,181.0341248704048,181.25194126160503,179.64801918938014,180.9252166748047,45057100,0.0,0.0,,0.0,0.0,0.18641234644238835,175.79242161342077,169.91730397542318,6.292636401469866,-41.7157574205299,74.0061355215971,1
2024-05-09,180.74699689996783,182.82614787366472,180.3014688648197,182.73704528808597,48983000,0.0,0.0,,0.0,0.0,1.0014240394902396,177.80650111607142,170.28890940348307,5.862835867187507,8.713166182466248,80.11688139195114,0
2024-05-10,183.3120385724197,183.50040923773955,180.5658387363955,181.4779357910156,50759500,0.25,0.0,,0.0,0.0,-0.6890280485193245,179.78639439174108,170.67893931070964,3.840247746628111,3.6267684706939196,76.51474437957123,1
2024-05-13,183.84743912898392,185.4931866387208,183.0344740478803,184.6802215576172,72044800,0.0,0.0,,0.0,0.0,1.7645592852065795,181.6961887904576,171.22356516520182,1.585467771548364,41.93362818782691,77.96979039821738,1
2024-05-14,185.89965779253163,186.6828817403559,184.6901339480471,185.82034301757807,52393600,0.0,0.0,,0.0,0.0,0.6173489777870911,182.30497087751115,171.84546813964843,2.21651867135472,-27.276361375144354,77.34462496116288,1
2024-05-15,186.29619948475903,189.01265820085425,185.76082862824447,188.0906524658203,70400000,0.0,0.0,,0.0,0.0,1.2217765888137944,183.47428458077567,172.51631622314454,2.817301036036589,34.36755634275943,78.25150939363702,1
2024-05-16,188.83423487080037,189.458829238671,188.0311936136785,188.2096405029297,52845200,0.0,0.0,,0.0,0.0,0.06326100502576093,184.56300789969308,173.21852264404296,2.983906012225797,-24.93579545454545,79.6421283391213,1
2024-05-17,187.8824709799172,189.1713095252472,187.55530322495105,188.2393798828125,41282900,0.0,0.0,,0.0,0.0,0.015801199026443946,185.6078883579799,173.89663899739583,2.7707378769444757,-21.879565220682295,76.89580418673887,1
2024-05-20,187.70403175639103,190.2717851507536,187.38677266186556,189.3993377685547,44361300,0.0,0.0,,0.0,0.0,0.6162142514835711,186.5596444266183,174.6507125854492,2.7644891540774403,7.456840483590055,86.2628538044488,1
2024-05-21,189.44891605266244,191.07483113273048,189.2803778274553,190.69810485839844,42309400,0.0,0.0,,0.0,0.0,0.6857294778035872,187.87681143624442,175.4078155517578,2.041771749714486,-4.625428019467415,89.92362809569622,0
2024-05-22,190.6188039117619,191.1640835786065,188.6359797615981,189.26055908203125,34648500,0.0,0.0,,0.0,0.0,-0.7538332787494828,188.53114536830358,176.17937469482422,1.5117590030692205,-18.106850959833988,83.67645383175544,0
2024-05-23,189.3398501117122,189.35968258649527,185.02721720275105,185.2750701904297,51005900,0.0,0.0,,0.0,0.0,-2.1058211552012485,188.45324925013952,176.5784876505534,1.6794638649907088,47.20954731085041,59.11400543221588,1
2024-05-24,187.1984384364121,188.943318272004,186.42512308727407,188.3484649658203,36327000,0.0,0.0,,0.0,0.0,1.6588280183792214,188.49007960728235,177.03021291097005,1.6730013565768576,-28.778827547401377,69.35821876161071,1
2024-05-28,189.86530324069457,191.3425125399711,187.4760118609873,188.35836791992188,52280100,0.0,0.0,,0.0,0.0,0.005257783281309436,188.5113263811384,177.60965779622396,1.6697875680352412,43.91526963415642,68.38213687228473,1
2024-05-29,187.98160889548623,190.5989356775744,187.8824616554793,188.65576171875,53068000,0.0,0.0,,0.0,0.0,0.15788722429075364,188.57080950055803,178.3082529703776,1.6658972613638983,1.5070743935072795,68.32331383443115,1
2024-05-30,189.12173915319045,190.52954231443272,188.9928658858645,189.64718627929688,49889100,0.0,0.0,,0.0,0.0,0.5255204248810097,188.60621643066406,179.08543904622397,1.688916538127351,-5.990238938720127,67.04151786890229,1
2024-05-31,189.7959119633218,190.9162123421418,188.2790528434088,190.5989532470703,75158300,0.0,0.0,,0.0,0.0,0.5018618975826783,188.59205191476005,179.92603302001953,1.6687436805052263,50.650743348747525,72.8401307388334,1
2024-06-03,191.24336235629545,193.31542486412093,190.86663609575575,192.36366271972656,50080500,0.0,0.0,,0.0,0.0,0.9258757420187225,189.0353524344308,180.8927739461263,2.202679111280261,-33.366640810130086,70.73298472433812,1
2024-06-04,192.9684415601165,193.64260962317667,191.37226754827617,192.68093872070312,47471400,0.0,0.0,,0.0,0.0,0.16493551666192374,190.0933336530413,181.84237009684244,1.8450871075735014,-5.209812202354214,69.37291886413941,1
2024-06-05,193.7218709101011,195.20898869639487,193.19642383583025,194.18783569335935,54156800,0.0,0.0,,0.0,0.0,0.7820685235712554,190.92752947126115,182.80721384684244,2.2088941497116275,14.083005767683288,67.99295384607066,0
2024-06-06,194.0094297097739,194.81247106318253,192.50247913295604,192.809814453125,41181800,0.0,0.0,,0.0,0.0,-0.709633142217192,191.5634504045759,183.65615793863932,1.9742896541059192,-23.95821023398723,62.63625351557756,1
2024-06-07,192.9783133981505,195.2486550396786,192.4726987931798,195.19908142089844,53103900,0.0,0.0,,0.0,0.0,1.2391832721535545,192.49821036202567,184.5560323079427,1.9163178223121151,28.94992448120286,66.92385155457472,0
2024-06-10,195.20899197297103,195.60556579928584,190.49978557066368,191.46145629882807,97010200,0.0,0.0,,0.0,0.0,-1.914775978894645,192.75739179338726,185.35079142252604,1.555095899689443,82.6799914883841,54.455844465003786,1
2024-06-11,191.9869108572612,205.38089548057215,191.96709351098235,205.3709716796875,172373300,0.0,0.0,,0.0,0.0,7.264916735590798,194.86768014090399,186.47059122721353,4.792011786393181,77.68574850891967,70.5213606740628,1
2024-06-12,205.58908283581823,218.30889945026047,205.1231180281253,211.2401428222656,198134300,0.0,0.0,,0.0,0.0,2.857838717212724,197.56432015555242,187.8906463623047,7.623042056733748,14.944889956855256,77.35013621391388,1
2024-06-13,212.8957913864929,214.88852380834692,209.782758705521,212.40008544921875,97862700,0.0,0.0,,0.0,0.0,0.5491108893677987,200.38134111676894,189.38335978190105,9.031130319911833,-50.60789575555571,86.30580312010984,0
2024-06-14,212.01345147179217,213.3221073788285,209.4853479747781,210.6651306152344,70122700,0.0,0.0,,0.0,0.0,-0.8168333973665676,202.73524039132255,190.6951421101888,9.291383226652588,-28.34583554306186,80.97999251842963,1
2024-06-17,211.5375720180444,217.0696527520261,210.89316027395952,214.80923461914065,93728300,0.0,0.0,,0.0,0.0,1.9671523197995144,205.87801470075334,191.8034876505534,9.093100476237874,33.66327879559685,82.93836070906582,0
2024-06-18,215.72133922684367,216.75241620599635,211.17076165562816,212.44967651367188,79943300,0.0,0.0,,0.0,0.0,-1.098443514149805,208.3423854282924,192.88829498291017,7.986886325244524,-14.707404273842585,78.18233671371436,0
2024-06-20,212.0927425591543,212.4000929584359,207.05638337080816,207.87924194335935,86172500,0.0,0.0,,0.0,0.0,-2.1513022026269812,210.68778337751115,193.79798380533853,3.148666698422081,7.792022596014925,69.90692764600777,0
2024-06-21,208.5831574221536,210.0702753319445,205.33132746963065,205.70806884765625,241805100,0.0,0.0,,0.0,0.0,-1.04443958685142,210.7359401157924,194.62407887776692,3.054980865601663,180.6058777452203,66.06920238453421,1
2024-06-24,205.9361020610361,210.87332959032133,204.8158016590104,206.3524932861328,80727000,0.0,0.0,,0.0,0.0,0.3132713471506232,210.03770446777344,195.41126047770183,3.453141157777924,-66.614848073924,65.2409128601457,1
2024-06-25,207.3538205241976,209.56468024841507,206.8184646829133,207.27452087402344,55549700,0.0,0.0,,0.0,0.0,0.44682163670886066,209.30548095703125,196.27114664713542,3.411900348210835,-31.188202212394867,65.69299709408692,1
2024-06-26,209.68362348048936,213.01476817493463,208.8310086144187,211.4185943603516,66213200,0.0,0.0,,0.0,0.0,1.9993163987805485,209.41311863490515,197.16242574055988,3.473276164542661,19.196323292475025,67.53435101465345,1
2024-06-27,212.8462208878068,213.8872063968936,210.52632069800987,212.26129150390625,49772700,0.0,0.0,,0.0,0.0,0.39859178238519366,209.04912676130022,198.04379069010417,2.899668782209428,-24.82964121957555,70.01223240822078,0
2024-06-28,213.9169529190877,214.21437951883613,208.4939285392998,208.8111724853516,82542700,0.0,0.0,,0.0,0.0,-1.6254113004354198,208.52934047154017,198.7344746907552,2.4849585304738433,65.83930548272447,63.7053365395547,1
2024-07-01,210.26855134899324,215.6420021622164,210.10001313722785,214.88853454589844,60402900,0.0,0.0,,0.0,0.0,2.910458280661765,209.5306679861886,199.62377115885417,3.4168269155976745,-26.82223867162087,72.52622846768475,1
2024-07-02,214.2936836981781,218.4873670751859,213.2527132686293,218.37831115722656,58046200,0.0,0.0,,0.0,0.0,1.623993862074924,211.3407026018415,200.62840220133464,4.296959882017228,-3.9016338619503377,65.64140955421612,1
2024-07-03,218.11061688690268,219.64730834960935,217.1489461385908,219.64730834960935,37369800,0.0,0.0,,0.0,0.0,0.5811003783563251,213.2399618966239,201.63666788736978,4.6484827480910775,-35.62059187336983,61.367288109996394,1
2024-07-05,219.74646963306245,224.50525038603783,219.74646963306245,224.3961944580078,60412400,0.0,0.0,,0.0,0.0,2.1620506729997047,215.68591526576452,202.75993754069012,5.425964957763931,61.66102039614876,64.78497222141776,1
2024-07-08,225.13973799267995,225.89322076278884,221.3327197032473,225.8634796142578,59085900,0.0,0.0,,0.0,0.0,0.6538814794938785,217.74947030203683,203.98003489176432,6.221087083208344,-2.195741271659457,68.85608260912528,1
2024-07-09,225.97252074204383,227.4298975332092,224.4259205051531,226.7160797119141,48076100,0.0,0.0,,0.0,0.0,0.37748470851171056,219.81444004603796,205.3614018758138,6.489001264508308,-18.633548782366017,66.08623805324294,1
2024-07-10,227.3307677065015,231.0783037422216,227.28119408246096,230.97915649414065,62627700,0.0,0.0,,0.0,0.0,1.8803592527021573,222.98129490443642,206.7824249267578,5.5680492239218005,30.267846185526693,73.80889640725941,0
2024-07-11,229.40281699319425,230.39422897123265,223.83108651749723,225.6156311035156,64710600,0.0,0.0,,0.0,0.0,-2.322081988710145,224.51373726981026,208.02433369954426,4.301692161750735,3.3258446342433245,72.33463250343752,1
2024-07-12,226.9540066999144,230.64206011910093,226.7160624017349,228.56008911132807,53046500,0.0,0.0,,0.0,0.0,1.3050771320279209,225.96827697753903,209.35447794596354,3.5342854544134528,-18.025022175655923,78.22679139281038,1
2024-07-15,234.44910163171727,235.1926606193721,231.0882156126273,232.386962890625,62631300,0.0,0.0,,0.0,0.0,1.6743403426977777,227.78822762625558,210.77913716634114,2.9722714083369826,18.06867559593941,79.81381252714998,1
2024-07-16,232.98180687397965,234.24090427881208,230.33473879844303,232.8033599853516,43234300,0.0,0.0,,0.0,0.0,0.1791826398293228,228.98925127301897,212.18595072428386,3.070147741099559,-30.970137934227772,79.57730493444777,0
2024-07-17,227.479464610192,229.47221227385296,224.69359950369105,226.91436767578125,57345900,0.0,0.0,,0.0,0.0,-2.5295993622862167,229.1393781389509,213.33764088948567,2.9135250660017347,32.639825323874796,67.25547001242077,0
2024-07-18,228.3023336745397,228.46096321097224,220.36112971273343,222.2547149658203,66034600,0.0,0.0,,0.0,0.0,-2.0534850911770874,228.50204031808036,214.32343343098958,3.8646816409832647,15.151388329418491,60.256397005371156,1
2024-07-19,222.88922042587492,224.8522116623324,221.3624376981624,222.3835906982422,49151500,0.0,0.0,,0.0,0.0,0.05798560108913886,227.2741023472377,215.26329193115234,4.288727175127342,-25.567051212546154,64.94866429006936,0
2024-07-22,225.06039989232605,225.8237912569016,221.17406723372827,222.0366058349609,48201800,0.0,0.0,,0.0,0.0,-0.15602988610436963,226.7628130231585,216.23751831054688,4.71186463684124,-1.9321892515996475,59.010238592755044,1
2024-07-23,222.44308791792704,224.9910238167192,220.76759935066607,223.0775909423828,39960300,0.0,0.0,,0.0,0.0,0.4688349038246775,225.97959899902344,217.16680196126302,4.817791699001497,-17.097909206710128,56.313250996682335,0
2024-07-24,222.07627816799848,222.86941075843336,215.26528287042115,216.6631622314453,61777600,0.0,0.0,,0.0,0.0,-2.875424951399197,223.73334176199776,218.0068588256836,4.99480867352048,54.59743795717249,46.47788804031842,0
2024-07-25,217.0498128962932,218.9533371697593,212.77682977395943,215.6221923828125,51391200,0.0,0.0,,0.0,0.0,-0.4804553934834699,221.27888924734933,218.34856618245442,3.8953783676575475,-16.81256636709746,38.6509143603544,1
2024-07-26,216.82176985722597,217.60499369491453,214.15486954444728,216.088134765625,41601300,0.0,0.0,,0.0,0.0,0.21609203471286698,219.73228454589844,218.51016591389973,3.403068419766023,-19.049759491897444,37.01943163550181,1
2024-07-29,215.0967318967012,217.41663210574904,213.8971168447476,216.36573791503903,36311800,0.0,0.0,,0.0,0.0,0.12846755779307717,218.89100211007255,218.6423543294271,3.403477046939173,-12.714746894928764,36.04276389159808,1
2024-07-30,217.3075942808937,218.437803332798,214.26395224147615,216.9209442138672,41643800,0.0,0.0,,0.0,0.0,0.2566054608175383,218.1106240408761,218.85088144938152,3.0800963081874113,14.683931944987583,28.936417321484583,1
2024-07-31,219.53825698895488,221.89782218872543,218.7352157578384,220.1727600097656,50036300,0.0,0.0,,0.0,0.0,1.4990787577857656,217.8443603515625,219.029665629069,2.7466572667890965,20.15305999932764,41.29396534807642,0
2024-08-01,222.4430752969037,222.55213120715743,215.15620716620225,216.4846954345703,62501000,0.0,0.0,,0.0,0.0,-1.6750775958986441,216.90251813616072,219.16416625976564,1.500959460147717,24.911314385755933,31.133843663506468,1
2024-08-02,217.2679079240609,223.6625266661827,215.8402875210575,217.9718170166016,105568600,0.0,0.0,,0.0,0.0,0.6869407461095767,217.08946881975447,219.5005854288737,1.5469718132510093,68.90705748708021,25.701840074856207,0
2024-08-05,197.3802115476467,211.6664621054212,194.3167520967801,207.4727935791016,119548600,0.0,0.0,,0.0,0.0,-4.8166884972566715,215.9252689906529,219.55940958658854,3.983272201619681,13.242574022957587,18.13417834651176,0
2024-08-06,203.53688424769564,208.18660889381388,199.3432157724579,205.45030212402344,69660500,0.0,0.0,,0.0,0.0,-0.9748224912713988,214.40557861328125,219.52933654785156,5.608489670252432,-41.73039249309486,20.088399265621845,1
2024-08-07,205.12313014700663,211.80525225793107,204.61751548926864,208.01806640625,63516400,0.0,0.0,,0.0,0.0,1.2498225875941849,213.21305411202567,219.5541213989258,5.996307519243387,-8.82006301993239,28.931938690763587,1
2024-08-08,211.27982425167653,212.36045976406425,207.03658185433545,211.4781036376953,47161100,0.0,0.0,,0.0,0.0,1.6633349647083184,212.43550545828683,219.5561050415039,5.784516026579556,-25.749727629399654,35.30987908380932,1
2024-08-09,210.2784745623819,214.9182750928265,210.1495861717322,214.38291931152344,42201600,0.0,0.0,,0.0,0.0,1.373577511743096,211.60838535853796,219.62682596842447,4.828770945697464,-10.516082110044078,40.35483096840891,1
2024-08-12,214.46232494953352,217.8767166928247,213.9958208022464,215.9114532470703,38028100,0.25,0.0,,0.0,0.0,0.712992406510593,211.5264936174665,219.8635019938151,4.736264747861009,-9.889435471640883,41.07886402732947,1
2024-08-13,217.38044783379533,220.23902400333972,217.38044783379533,219.62364196777344,44155300,0.0,0.0,,0.0,0.0,1.7193107011582276,211.76246861049108,220.0213389078776,5.135254795319238,16.112295907499984,53.95135478163255,1
2024-08-14,218.92887503482297,221.37056313371252,218.06533789669703,220.0703125,41960600,0.0,0.0,,0.0,0.0,0.203379985972596,213.56211417061942,220.0777389526367,5.570352174683326,-4.9704112530092655,56.03261242960862,1
2024-08-15,222.9288560878089,223.67327566716008,221.1025352094067,223.04795837402344,46414000,0.0,0.0,,0.0,0.0,1.3530429616777306,216.07606506347656,220.19109395345052,5.261701911455294,10.613289609776789,58.83697744175026,1
2024-08-16,222.2539159800548,225.1422676891868,221.98592068094567,224.3680725097656,44340200,0.0,0.0,,0.0,0.0,0.5918521493608608,218.41178022112166,220.19015655517578,4.685974286384759,-4.468048433662252,59.898613207764406,0
2024-08-19,224.0405257400108,224.30852103873067,221.38045847347976,224.20925903320312,40687800,0.0,0.0,,0.0,0.0,-0.0707825649104099,220.2305167061942,220.13501586914063,3.9608585532684475,-8.237220400449253,59.10468017620475,1
2024-08-20,224.09014645304697,225.4797235950926,223.772520166148,224.8246307373047,30299000,0.0,0.0,,0.0,0.0,0.27446310948757713,221.7221897670201,220.07196756998698,3.3031871395146983,-25.53296074007442,56.22096532551284,0
2024-08-21,224.8345868015738,226.2837152200136,223.375523094966,224.7154693603516,34765500,0.0,0.0,,0.0,0.0,-0.04855401145110738,222.9799063546317,219.86317799886066,2.2206747618774596,14.741410607610806,62.172188634488684,0
2024-08-22,226.09512887719345,226.64103964823343,222.2340729078472,222.85939025878903,43695300,0.0,0.0,,0.0,0.0,-0.8259685489591995,223.44215611049108,219.77130330403645,1.6754436241165935,25.685809207403885,57.15002571502034,1
2024-08-23,223.98097823318813,226.52192810531065,222.66087229355688,225.15219116210935,38677300,0.0,0.0,,0.0,0.0,1.0288105431222272,224.1681387765067,219.65770670572917,0.8858332000840226,-11.484072657700029,84.03485509064204,1
2024-08-26,225.0727813784282,225.58891654674125,222.22414052811973,225.4896545410156,30602200,0.0,0.0,,0.0,0.0,0.14988234276755996,224.51695251464844,219.42779642740882,0.8512838700604216,-20.878137822443655,91.25452424227383,1
2024-08-27,224.31844891527624,227.1472495725316,223.21670725505916,226.33334350585935,35934600,0.0,0.0,,0.0,0.0,0.37415861342333656,224.7977055140904,219.21212921142575,1.0857762672223141,17.424891020906983,90.58627969979318,0
2024-08-28,226.22414704916855,228.14971479709,224.0008084384826,224.80479431152344,38052200,0.0,0.0,,0.0,0.0,-0.6753530746548386,224.88278198242188,219.14181009928382,1.0548756298503943,5.892927707557627,82.29632905663065,1
2024-08-29,228.38793686624163,231.18694665641485,227.17701311839377,228.08023071289065,51906300,0.0,0.0,,0.0,0.0,1.4570135887886249,225.34786769321985,219.3359939575195,1.601183903380176,36.40814460136339,82.60873671645533,0
2024-08-30,228.4772755570311,228.68570457235603,225.78743262658827,227.29612731933597,52990800,0.0,0.0,,0.0,0.0,-0.3437840233254219,225.71653311593192,219.49974517822267,1.7237134292315186,2.0893417562030114,78.09908453685289,0
2024-09-03,226.84948058831637,227.2961293418145,219.52438650802387,221.11248779296875,50190600,0.0,0.0,,0.0,0.0,-2.7205212861720285,225.46697562081474,219.46894124348958,2.2518563950242756,-5.2843135034760795,53.27513438144258,0
2024-09-04,220.01072730838987,220.1298295937355,215.86182100754212,219.20675659179688,43840200,0.0,0.0,,0.0,0.0,-0.8618831166859464,224.6176278250558,219.33991343180338,3.2778716324158728,-12.652568409224042,48.21495258714226,1
2024-09-05,219.9809679444758,223.80231295165623,219.8717857931132,220.7253875732422,36615400,0.0,0.0,,0.0,0.0,0.6927847503684692,223.93701825823103,219.4753209431966,3.54995663210355,-16.479851825493498,44.890863758604624,0
2024-09-06,222.2837029728863,223.56411324365837,218.13481142105056,219.177001953125,48423000,0.0,0.0,,0.0,0.0,-0.7014986527561939,222.91468375069755,219.59381459554035,3.7685620191768225,32.24763350939768,38.69434773881645,1
2024-09-09,219.17698492990527,219.62363365317324,215.0975649862482,219.2663116455078,67180000,0.0,0.0,,0.0,0.0,0.040747747978553406,222.12347194126673,219.6997538248698,3.8851929670736864,38.73572475889557,39.202045851663776,0
2024-09-10,217.29112653781652,219.83207646515768,215.1174187834135,218.47227478027344,51591000,0.0,0.0,,0.0,0.0,-0.36213354403393794,220.75090680803572,219.7699717203776,3.0339486558715203,-23.204822863947605,36.23065117878975,1
2024-09-11,219.8122123833057,221.43007391385896,216.2687680395375,221.00328063964844,44587100,0.0,0.0,,0.0,0.0,1.158502085411306,219.8519287109375,219.906049601237,1.0642459266766728,-13.575817487546281,42.71801766961717,1
2024-09-12,220.84449248276732,221.8866830044339,218.1844402475294,221.11248779296875,37455600,0.0,0.0,,0.0,0.0,0.04941426797115955,219.8519287109375,219.93737386067707,1.0642459266766728,-15.994536536352443,46.321069696745795,0
2024-09-13,221.91644846858935,222.37301734416337,220.2588759685165,220.844482421875,36766600,0.0,0.0,,0.0,0.0,-0.1212077046253035,220.0858895438058,220.08270009358725,1.0786927629660608,-1.839511314729969,40.08226196515327,0
2024-09-16,214.92882889414332,215.60377723416104,212.32832783334672,214.71047973632807,59357400,0.0,0.0,,0.0,0.0,-2.7775213662930787,219.22661699567522,219.97398885091144,2.247186987700019,61.44381041488742,30.411282540457208,1
2024-09-17,214.14471619981745,215.28615358843467,212.904016801209,215.17697143554688,45519300,0.0,0.0,,0.0,0.0,0.2172654542953234,218.65518406459265,220.23079477945961,2.720616183063107,-23.31318420281212,29.44400085469141,1
2024-09-18,215.9313221513165,221.0529328037412,215.92138686335736,219.04795837402344,59894900,0.0,0.0,,0.0,0.0,1.7989782608479832,218.62399074009485,220.68404998779295,2.7136843978500953,31.58132923836703,40.23569128137924,1
2024-09-19,223.31594824973243,228.1100120419692,222.9586262544957,227.1670684814453,66781300,0.0,0.0,,0.0,0.0,3.7065445246280415,219.86610412597656,221.32235005696612,4.210022525383122,11.497473073667376,48.669738046536565,0
2024-09-20,228.25889437635817,231.35567496568984,225.9263736470506,226.50205993652344,318679900,0.0,0.0,,0.0,0.0,-0.29273985413788006,220.65164402553015,221.8231486002604,4.912042456133541,377.19930579368776,48.839203341952285,0
2024-09-23,225.6484951474401,227.74279650292337,224.1298801756485,224.78497314453125,54146000,0.0,0.0,,0.0,0.0,-0.7580888193570501,221.17628479003906,222.16988372802732,5.159364683929204,-83.00928298270459,56.17494268397058,1
2024-09-24,226.94872814757065,227.64353192764617,224.050456167142,225.67825317382807,43556100,0.0,0.0,,0.0,0.0,0.39739312499438295,221.86682346888952,222.49544372558591,5.424235499110348,-19.55804676245706,61.26474906666258,0
2024-09-25,223.2563961324406,225.5988371064948,222.35317851779172,224.6856842041016,42308700,0.0,0.0,,0.0,0.0,-0.43981595734966517,223.29185267857142,222.66417846679684,4.4544312578539405,-2.8638927727689167,57.022179461649735,1
2024-09-26,225.608784129346,226.799852535932,223.73284722402752,225.8271484375,36636700,0.0,0.0,,0.0,0.0,0.508027130184896,224.8133065359933,222.85607299804684,2.6902422784537965,-13.406226142613697,61.96432532388102,1
2024-09-27,226.76016679177644,227.81227751628776,225.60879405182703,226.0951385498047,34026000,0.0,0.0,,0.0,0.0,0.11867045842757218,225.8200465611049,222.95764567057287,0.8882188765964318,-7.1259147248524,62.207306042689346,1
2024-09-30,228.32838978012128,231.2663726806641,227.94129216556476,231.2663726806641,54541900,0.0,0.0,,0.0,0.0,2.2871938618530985,226.4056614467076,223.18758900960285,2.2428026820436506,60.29477458414154,69.77605779835302,0
2024-10-01,227.81223995033787,227.94126237482303,222.07524777401,224.52687072753903,63285000,0.0,0.0,,0.0,0.0,-2.914172897255174,226.12349155970983,223.1981760660807,2.3503264385041476,16.03006129232756,54.819449604087225,1
2024-10-02,224.20925878310885,225.6782425626932,221.360617941662,225.09263610839844,32880600,0.0,0.0,,0.0,0.0,0.25198114551996387,226.16744341169084,223.20710957845048,2.3238515178423045,-48.043612230386344,55.37676277419958,0
2024-10-03,223.46483520314055,225.1224076763777,221.65838486968207,223.9908905029297,34044200,0.0,0.0,,0.0,0.0,-0.4894631936951388,225.9263916015625,223.18295694986975,2.466206564460246,3.53886486256334,54.1568307912257,1
2024-10-04,226.20429410810965,226.3035561118749,222.4623558611945,225.11248779296875,37245100,0.0,0.0,,0.0,0.0,0.5007334394361962,225.98736354282923,223.25806020100907,2.435505095857849,9.402188919111044,65.84038092794964,0
2024-10-07,222.8296172342201,224.01076551273388,219.6832053027312,220.04052734375,39505400,0.0,0.0,,0.0,0.0,-2.253078227220928,225.16070338657923,223.0876714070638,3.320284456510731,6.068717764215958,56.4952547702947,1
2024-10-08,222.631100497344,224.298593199742,221.58890998571715,224.0901641845703,31855700,0.0,0.0,,0.0,0.0,1.8404049879838347,224.87427847726005,223.04102172851563,3.3127114710082104,-19.3636819270277,56.701861414090615,1
2024-10-09,223.554178398676,228.04055170887608,223.1571606453159,227.8321075439453,33591100,0.0,0.0,,0.0,0.0,1.669838287187364,224.38366917201452,223.09098052978516,2.311181003681798,5.447690680160844,51.00033601595249,0
2024-10-10,226.08521111865923,227.7924147414137,225.47974919262128,227.33583068847656,28183500,0.0,0.0,,0.0,0.0,-0.2178256878798468,224.78494916643416,223.17534840901692,2.569595210890982,-16.09831175519706,51.26053676969287,0
2024-10-11,227.5938974682738,227.70307961960657,225.6484741750507,225.8569183349609,31759200,0.0,0.0,,0.0,0.0,-0.6505408096193377,224.89413234165735,223.10123799641926,2.600894627199049,12.687210601947951,51.632376785771505,1
2024-10-14,226.9983493120185,230.0058033150611,226.89910245149323,229.5790100097656,39882100,0.0,0.0,,0.0,0.0,1.6479865670019356,225.6924351283482,223.17733408610027,3.089205365516112,25.576525857074483,55.4689605894258,1
2024-10-15,231.87182665313995,235.7229623804217,230.6410474142004,232.11004638671875,64751400,0.0,0.0,,0.0,0.0,1.1024685474710916,226.69208635602675,223.5439193725586,3.8968666056794667,62.357047397203246,59.97867117306489,0
2024-10-16,229.87676649695567,230.39288648800357,228.1298522341637,230.055419921875,34082200,0.0,0.0,,0.0,0.0,-0.8851949740342313,228.1227852957589,223.9055414835612,2.7035129998783676,-47.36453574748963,55.5468280848406,1
2024-10-17,231.69315867439417,232.11004699556463,228.8048220166126,230.4226837158203,32993800,0.0,0.0,,0.0,0.0,0.15964144381819256,229.02743094308033,224.2287846883138,2.12731085053186,-3.1934558215138686,55.662311339476716,1
2024-10-18,234.4226930307779,234.4226930307779,232.26884075534687,233.25148010253903,46431500,0.0,0.0,,0.0,0.0,1.2276553423913095,229.80162702287944,224.69793395996095,2.561602526151516,40.727954949111655,52.76699681647326,1
2024-10-21,232.7055644739604,235.0877162866724,232.7055644739604,234.720458984375,36254500,0.0,0.0,,0.0,0.0,0.6297833056365665,230.8565739222935,225.21307220458985,2.8779393840764276,-21.918309768153087,66.65584611479858,0
2024-10-22,232.14972869721717,234.46239402859047,230.8693336731526,234.1050720214844,38846600,0.0,0.0,,0.0,0.0,-0.2621786637404089,232.03488159179688,225.73416544596355,2.062867411757207,7.149733136576142,64.70205780369847,0
2024-10-23,232.33833466706656,233.39044533687328,226.0653512199268,229.04302978515625,52287000,0.0,0.0,,0.0,0.0,-2.1622949868696506,231.95831298828125,226.00215708414714,2.1760577695724104,34.598652134292315,57.29855389890914,0
2024-10-24,228.26882480795348,229.10258628095696,226.71051430099084,228.8544464111328,31109500,0.0,0.0,,0.0,0.0,-0.08233534729275016,231.49322727748327,226.26022237141927,2.466718338701453,-40.502419339415155,55.5555706583915,1
2024-10-25,228.0306141764868,231.48471683213373,227.86188088691333,229.6881866455078,38802300,0.0,0.0,,0.0,0.0,0.3643102624613981,231.44076538085938,226.55501251220704,2.505986569263547,24.72813770713127,66.38567174700088,1
2024-10-28,231.5839844241638,232.98348177622344,230.81970938626557,231.6633758544922,36087100,0.0,0.0,,0.0,0.0,0.8599437514968056,231.61800711495536,227.12010904947917,2.465528166273266,-6.997523342688449,63.8374715063812,1
2024-10-29,231.365630174708,232.5864741436605,230.59143496071303,231.93138122558597,35417200,0.0,0.0,,0.0,0.0,0.1156874150284759,231.4294215611049,227.6785893758138,2.368332486030377,-1.8563420169534273,58.579142066632805,0
2024-10-30,230.87925826342104,231.7328600109945,227.8420287171323,228.387939453125,47070900,0.0,0.0,,0.0,0.0,-1.5277974691206064,230.5247759137835,227.98992207845052,2.0954312383371025,32.90406920931073,51.952826955701624,0
2024-10-31,227.63358238786927,228.11994197442104,223.693120129287,224.22911071777344,64370100,0.0,0.0,,0.0,0.0,-1.8209493659384512,229.11392429896765,227.8919901529948,2.556962929460962,36.7513686800125,47.25199711907915,0
2024-11-01,219.32585141181025,223.67326642201,218.6310628621847,221.2514190673828,65276700,0.0,0.0,,0.0,0.0,-1.3279683627423822,228.00083705357142,227.71696879069012,3.9236372689420826,1.4084178834583128,35.579235633985036,0
2024-11-04,219.34570882983752,221.13230364643437,218.07523400035527,220.3581085205078,44944500,0.0,0.0,,0.0,0.0,-0.4037535897579714,226.78707449776786,227.56940663655598,4.8259660554663055,-31.1477142686441,28.42563662124759,1
2024-11-05,220.14969745378525,222.2836942947505,219.49460455688447,221.78741455078125,28111300,0.0,0.0,,0.0,0.0,0.6486287433985716,225.65839276994978,227.43971201578776,4.956517275329538,-37.453303518784274,34.4648069038677,0
2024-11-06,220.95365355112236,224.3879158153704,219.54422098922427,221.06283569335935,54561100,0.0,0.0,,0.0,0.0,-0.32669971778583884,224.14402988978796,227.318950398763,4.40470656367923,94.08956540608224,32.64630379541997,1
2024-11-07,222.95862926675596,226.18444740932767,222.8990781242877,225.78741455078125,42137700,0.0,0.0,,0.0,0.0,2.1372108263260747,223.26632036481584,227.3176259358724,2.9741635719968125,-22.76970222374549,37.07013447282193,0
2024-11-08,225.72780810336752,227.20835428792037,224.9726384261151,225.51914978027344,38328800,0.25,0.0,,0.0,0.0,-0.11881298656151174,222.8564932686942,227.29842631022134,2.2635681370484444,-9.03917394637106,33.36889292902778,0
2024-11-11,223.57158868270503,224.26714170400084,220.0938084143074,222.8064727783203,42005600,0.0,0.0,,0.0,0.0,-1.202858827995812,222.65325927734375,227.01642964680988,2.1821907672346175,9.592786625200889,31.017290591975808,0
2024-11-12,223.12444853772337,224.15783943194583,221.9420008205612,222.8064727783203,40398300,0.0,0.0,,0.0,0.0,0.0,222.87540980747767,226.9590830485026,2.0930281756333877,-3.8263945759613005,37.37446876075381,1
2024-11-13,222.5878726169869,225.2111120360391,221.34580821096,223.6908264160156,48566200,0.0,0.0,,0.0,0.0,0.3969155952552539,223.3515123639788,226.9123560587565,1.780729468032875,20.21842503273652,39.83297871253721,1
2024-11-14,223.59148192887395,227.41703140021204,223.57160465201176,226.7711639404297,44923900,0.0,0.0,,0.0,0.0,1.3770513408025709,224.0634765625,227.00503184000652,2.029997882805468,-7.49966025754537,44.723293799670124,0
2024-11-15,224.96268496170848,225.4793879673537,222.84621765747357,223.5715789794922,47923700,0.0,0.0,,0.0,0.0,-1.4109311366316435,224.42186846051897,226.95366821289062,1.5845268885812216,6.67751464142694,35.98335671625543,1
2024-11-18,223.8199993254601,228.28149999782983,223.74050538640265,226.57241821289065,44633700,0.0,0.0,,0.0,0.0,1.3422275081188761,224.5340118408203,227.17139790852863,1.7193248632529696,-6.865079282275788,41.520036044162815,1
2024-11-19,225.5390147792205,228.6988344551977,225.22105418122663,226.8307647705078,36211800,0.0,0.0,,0.0,0.0,0.11402383381653447,224.7213854108538,227.26275126139322,1.9059242372773764,-18.868926394181972,47.250041902429594,1
2024-11-20,226.61215353970655,228.4702769508748,224.45593165289552,227.5461883544922,35169600,0.0,0.0,,0.0,0.0,0.315399714279585,225.3984876360212,227.2532206217448,1.9535707693995972,-2.8780673703047044,56.669022734830655,0
2024-11-21,227.42695953023323,228.69883223369172,224.2770861035494,227.0692443847656,42108300,0.0,0.0,,0.0,0.0,-0.20960314614612008,226.00745500837053,227.24433441162108,1.6520507847897892,19.729254810973117,63.00447833991032,1
2024-11-22,226.61216818417896,229.25528492407807,226.61216818417896,228.41067504882807,38168300,0.0,0.0,,0.0,0.0,0.5907584127903487,226.68171909877233,227.32945963541667,1.5056507372701144,-9.356825138986846,67.64623861358776,1
2024-11-25,229.99057974831032,231.7692092379923,228.2814979784893,231.39161682128903,90152800,0.0,0.0,,0.0,0.0,1.3050798837767719,227.34178379603796,227.38987986246744,2.3354957789403414,136.1981015659592,69.70634332727394,1
2024-11-26,231.8487208075284,234.0745057649552,231.8487208075284,233.56773376464844,45986200,0.0,0.0,,0.0,0.0,0.9404476157146568,228.76980590820312,227.43846944173177,2.677079309739156,-48.99082446690508,74.2156774099374,0
2024-11-27,232.9814664022851,234.1937224347506,232.32565277909848,233.43853759765625,33498400,0.0,0.0,,0.0,0.0,-0.055314218667879,229.75068010602678,227.55124003092448,2.978653648454387,-27.15553796573755,68.02430828647137,1
2024-11-29,233.31932748739487,236.30028225823045,232.4846637904217,235.8233337402344,28481400,0.0,0.0,,0.0,0.0,1.0215948776583161,231.03533281598772,227.73126169840495,3.4164590305044933,-14.976834714493826,72.07315279389411,1
2024-12-02,235.76369091824088,239.26133321145704,235.654388648958,238.06895446777344,48137100,0.0,0.0,,0.0,0.0,0.9522470452447473,232.53858511788505,227.8918441772461,3.9053912720721886,69.01240809791653,83.36217351337424,1
2024-12-03,238.28756099978403,241.21882985808796,237.3833345065081,241.10952758789065,38861000,0.0,0.0,,0.0,0.0,1.2771817001148822,234.5443398611886,228.1048131306966,4.220949499521496,-19.270167916222626,85.31430526286653,1
2024-12-04,241.32815927991484,242.56029272240892,239.7184485394643,241.4672698974609,44383900,0.0,0.0,,0.0,0.0,0.14837336091575448,236.4095676967076,228.3502197265625,3.9338293509216897,14.211934844702911,85.00968553708594,1
2024-12-05,242.44105143123323,242.9875476638645,240.5928589090645,241.4970703125,40033900,0.0,0.0,,0.0,0.0,0.0123413889806967,237.85320390973772,228.7653544108073,3.6277709740651796,-9.800851209560225,82.96250907677492,0
2024-12-06,241.36790273028285,243.0769846168902,240.5431701206591,241.29833984375,36870600,0.0,0.0,,0.0,0.0,-0.08229104746191318,238.95757620675224,229.1801508585612,3.2642143896120333,-7.901553433465136,95.83755840462346,1
2024-12-09,240.29475369946152,245.67041216886827,240.21525975684384,245.1835174560547,44649200,0.0,0.0,,0.0,0.0,1.6101136936211402,240.63543047223772,229.69666188557943,2.958793847885916,21.097025814605686,96.01959865468639,1
2024-12-10,245.32260336553807,246.63423054379348,243.78244060146585,246.197021484375,36914800,0.0,0.0,,0.0,0.0,0.41336548183830146,242.1173858642578,230.18111673990884,2.736434521608274,-17.322594805730006,96.1628971915706,0
2024-12-11,246.3858398593606,249.207806563516,244.69662013013263,244.9251708984375,45205800,0.0,0.0,,0.0,0.0,-0.5165986892405217,243.09684535435267,230.61424306233724,2.2251186156871463,22.459826411087146,90.35537707215882,1
2024-12-12,245.32260415969785,247.1608653940442,244.1202792424049,246.3858184814453,32777500,0.0,0.0,,0.0,0.0,0.596364831613605,243.85060119628906,231.21417236328125,2.3308723104000086,-27.492711112290902,92.89497206931068,1
2024-12-13,246.24673423955156,247.7073880681415,244.676762972136,246.5547637939453,33155300,0.0,0.0,,0.0,0.0,0.06856941423871721,244.57738603864397,231.95836079915364,2.255826093673543,1.1526199374571,92.504666576588,1
2024-12-16,246.41563368868003,249.78411156803347,246.07778066556844,249.44625854492188,51694800,0.0,0.0,,0.0,0.0,1.1727596362295811,245.7129843575614,232.89818878173827,2.440047742209069,55.917153516933936,92.47312291130471,1
2024-12-17,248.4923793968116,252.2185726786221,248.19428090188288,251.87078857421875,51356400,0.0,0.0,,0.0,0.0,0.9719648807080539,247.22333417619978,233.9486114501953,2.5227091413232077,-0.6546112955268191,92.56007862644985,0
2024-12-18,250.559158393614,252.66569465886903,246.1672207142497,246.47525024414065,56774100,0.0,0.0,,0.0,0.0,-2.142185030912469,247.40786743164062,234.77153930664062,2.392515347612601,10.54922073977147,74.35043577890143,1
2024-12-19,245.92873792847348,250.400169527173,245.5213371883983,248.2041931152344,60882300,0.0,0.0,,0.0,0.0,0.7014671328586575,247.6946062360491,235.67625122070314,2.3429764127436403,7.236046013939457,73.70622456683274,1
2024-12-20,246.46529524609687,253.3811159043778,244.13022347118752,252.87435913085935,147495300,0.0,0.0,,0.0,0.0,1.8815822396105686,248.8302045549665,236.5791493733724,2.6792478419831838,142.2630222577005,75.94013184382995,1
2024-12-23,253.15258832932108,254.02699130961165,251.84096111600803,253.6494140625,40858800,0.0,0.0,,0.0,0.0,0.3064980310002685,249.86786106654577,237.5168248494466,2.9659976888491295,-72.2982359437894,73.86538271662303,1
2024-12-24,253.86798918256417,256.57070690893096,253.66924678278625,256.560791015625,23234700,0.0,0.0,,0.0,0.0,1.1477956548354706,251.29729352678572,238.6419687906901,3.4712776561954692,-43.134159593526974,76.18061271752802,1
2024-12-26,256.55086249805703,258.4487403486908,255.9944201288889,257.3755798339844,27237100,0.0,0.0,,0.0,0.0,0.3175811920184346,252.4300537109375,239.79427235921224,4.017375301591281,17.22595944858336,76.8120706802641,0
2024-12-27,256.1931309155478,257.0576331183779,251.45342458389948,253.9673614501953,42355300,0.0,0.0,,0.0,0.0,-1.324219798159354,252.7295641217913,240.8034901936849,4.046776867079513,55.5059092194103,69.3006252711066,0
2024-12-30,250.6287158030117,251.890657464443,249.15811581542044,250.59890747070312,35557500,0.0,0.0,,0.0,0.0,-1.3263334155451112,253.31865801130022,241.59774831136068,3.195112217164346,-16.049467244949277,58.3820451450443,0
2024-12-31,250.83739579916156,251.6720594492945,247.8464949766397,248.8302154541016,39480700,0.0,0.0,,0.0,0.0,-0.7057860045971309,253.40808977399553,242.43970286051433,3.0327334099941443,11.033396611122836,53.98260355821628,0
2025-01-02,247.34966196417784,247.5185960625861,240.28481431614932,242.3019256591797,55740700,0.0,0.0,,0.0,0.0,-2.623592067791336,251.89774213518416,242.96401977539062,5.200621671683767,41.18468010952188,46.57675105066823,0
2025-01-03,241.81504821777344,242.629834626151,240.35437918764117,241.81504821777344,40244100,0.0,0.0,,0.0,0.0,-0.2009383293515743,250.20711844308036,243.46349589029947,6.335925313178293,-27.801229622161184,43.8797501148249,1
2025-01-06,242.75898865424097,245.75982034447205,241.6560349140449,243.44461059570312,45045600,0.0,0.0,,0.0,0.0,0.6738879114182028,248.3333783830915,243.99344329833986,6.077962130858733,11.93094142992388,45.992275830175224,0
2025-01-07,241.43743349025635,243.99112508347835,239.81779188041267,240.67233276367188,40856000,0.0,0.0,,0.0,0.0,-1.1387714951863415,245.94720023018974,244.4468795776367,5.143329525503674,-9.300797414175854,38.659129333039836,1
2025-01-08,240.3841632667122,242.16280789951685,238.52603985831155,241.15921020507807,37628900,0.0,0.0,,0.0,0.0,0.20229888322238487,244.11746433803015,244.87183074951173,3.955783952808588,-7.898717446641868,35.42448740266286,0
2025-01-10,238.48630187104283,238.63535869995312,231.5208099984783,235.34637451171875,61710900,0.0,0.0,,0.0,0.0,-2.4103726697463412,241.93853105817522,245.00365600585937,3.991199069630447,63.99868186420543,35.026705251868535,0
2025-01-13,232.04743903723332,233.18020116738663,228.26162915914,232.9119110107422,49630700,0.0,0.0,,0.0,0.0,-1.034417252455,239.66448756626673,244.98179524739584,3.944693886022313,-19.575472080296997,29.808402502626095,0
2025-01-14,233.2596954436476,234.62099318079112,230.99417118008773,231.7990264892578,39435300,0.0,0.0,,0.0,0.0,-0.4778134860750183,238.16407339913505,244.9271448771159,4.699545344605385,-20.542527105199003,19.287480159727224,1
2025-01-15,233.1503884256181,237.4429702030776,232.94171493841435,236.35987854003903,39832000,0.0,0.0,,0.0,0.0,1.967588958356803,237.38476344517298,244.94502970377604,4.438254022489327,1.0059515205919523,27.308206989336554,0
2025-01-16,235.84318609247865,236.4989845496957,226.58234697208556,226.81088256835935,71759100,0.0,0.0,,0.0,0.0,-4.040024064431947,235.0085165841239,244.56976064046225,5.062080565432608,80.15439847358907,16.748041745176366,1
2025-01-17,230.64637201374376,230.81529094249188,227.0294813062853,228.51995849609372,68488300,0.0,0.0,,0.0,0.0,0.7535246582444088,233.27246311732702,244.15010833740234,4.876360643871028,-4.558028180398022,18.37972778650959,0
2025-01-21,222.57792910461188,222.99526090225285,217.9872641686431,221.2265625,98070400,0.0,0.0,,0.0,0.0,-3.191579433189151,230.42494201660156,243.4754180908203,5.304364019330168,43.19292492294304,16.93752602145065,1
2025-01-22,218.39465138442915,222.6971640978084,218.39465138442915,222.4090118408203,64126500,0.0,0.0,,0.0,0.0,0.5344970004767413,228.57674734933036,242.83914947509766,5.551899674578013,-34.61176868861553,20.218289772208735,0
2025-01-23,223.3132731450397,225.58872871016845,220.8887607380179,222.24012756347656,60234800,0.0,0.0,,0.0,0.0,-0.07593409814914409,227.05220685686385,242.20387573242186,5.627774579804,-6.068785915339214,20.925636976893998,0
2025-01-24,223.3529644564833,224.19757422629087,220.00436403066544,221.36566162109372,54697900,0.0,0.0,,0.0,0.0,-0.3934779699643065,225.5617261614118,241.40994720458986,5.542034095556975,-9.192194545345878,23.877929377755436,1
2025-01-27,222.59782027357136,230.67619691244207,222.55806572164707,228.40074157714844,94863400,0.0,0.0,,0.0,0.0,3.178035791339884,224.42470659528456,240.81673787434895,3.3340433605542867,73.43152113700893,35.61379002469701,1
2025-01-28,229.3844597561093,238.66516132615985,229.3447052045828,236.74740600585935,75707600,0.0,0.0,,0.0,0.0,3.65439462721342,225.84420994349884,240.544145711263,5.755363114523425,-20.193035459407948,43.72206160935424,1
2025-01-29,232.6336842670617,238.33724933385383,232.52438199561368,237.8404235839844,45486100,0.0,0.0,,0.0,0.0,0.4616809098630714,227.1757049560547,240.259299214681,7.3380808809517255,-39.91871357697245,47.25908601937746,0
2025-01-30,237.1548105184623,239.26134692510684,235.7040877651042,236.0816650390625,55658300,0.0,0.0,,0.0,0.0,-0.739469985135166,229.29786246163505,239.91019592285156,7.477561409316554,22.363315386458726,45.20369334724734,0
2025-01-31,245.62071750771997,245.62071750771997,231.95800933839703,234.5017547607422,100959800,0.0,0.0,,0.0,0.0,-0.6692219313426562,231.02539716448103,239.41204579671225,7.002584605208913,81.39217331467185,49.132814313882584,0
2025-02-03,228.52991033796465,230.35822543026035,224.2671369795404,226.56246948242188,73063300,0.0,0.0,,0.0,0.0,-3.3855973855805965,231.64287458147322,238.568435160319,6.248799350383832,-27.63129483220054,44.14298362044819,1
2025-02-04,225.8073134168997,231.64998934854387,225.21111642561868,231.32208251953125,45067300,0.0,0.0,,0.0,0.0,2.100795002801048,233.06522042410714,238.0633295694987,4.370455494372703,-38.317458970509136,49.58777850371128,0
2025-02-05,227.0791817096477,231.19289841511937,226.820837771536,230.99417114257807,39620300,0.0,0.0,,0.0,0.0,-0.14175532806103286,233.43571036202567,237.48966217041016,4.003671856847189,-12.086368608725174,44.996310343247636,1
2025-02-06,229.8216550685821,232.31573010563136,228.96711414866223,231.73941040039065,29925300,0.0,0.0,,0.0,0.0,0.32262253810404484,232.72028241838728,236.78516387939453,3.7528561467355375,-24.469779380771982,55.49890122761514,0
2025-02-07,231.1233398047693,232.5144458089444,225.81722939017396,226.1848907470703,39707200,0.0,0.0,,0.0,0.0,-2.3968817577137425,231.05520629882812,235.86967976888022,3.687630786447489,32.68772577050187,47.600589414188946,1
2025-02-10,228.3633824897372,229.378010419489,226.0058289386349,226.45346069335935,33115600,0.25,0.0,,0.0,0.0,0.11873911886950417,229.67974853515625,234.86610209147136,3.272596105937482,-16.600515775476488,56.2771435377764,1
2025-02-11,227.00058728303875,233.99363668198936,226.93096309298545,231.39735412597656,53718400,0.0,0.0,,0.0,0.0,2.183182989334731,229.23626273018974,234.00016123453776,2.6639875796495205,62.2147869886096,59.899968403998514,1
2025-02-12,229.98481838871237,235.71455375787428,229.4675472393098,235.62501525878903,45243300,0.0,0.0,,0.0,0.0,1.8270136012492388,230.5309121268136,233.3887496948242,3.2791042492778177,-15.776903258473817,63.53250298668079,1
2025-02-13,235.66481592241837,241.06626881430705,234.33186254170715,240.26052856445312,53614100,0.0,0.0,,0.0,0.0,1.9673264744716867,231.8078329903739,233.04413706461588,4.952119836603637,18.50174500975834,67.75311537645442,1
2025-02-14,239.981993568851,244.25939586817944,239.7233655892969,243.31439208984372,40896200,0.0,0.0,,0.0,0.0,1.2710633509537717,233.56786455426897,232.8602762858073,6.547210910280686,-23.72118528521415,65.14555292570219,0
2025-02-18,242.86674847770811,243.8913336127375,240.56889220053384,243.18507385253903,48822500,0.0,0.0,,0.0,0.0,-0.053148618211185106,235.20295933314733,232.88971455891928,7.389503250835919,19.381507328309233,57.847546310677224,1
2025-02-19,243.37407429304395,244.716969605811,241.88195827091008,243.5829620361328,32204200,0.0,0.0,,0.0,0.0,0.16361538037283907,237.68839808872767,232.94864501953126,6.748896124421218,-34.03819960059399,57.12085990027009,1
2025-02-20,243.65259654249155,245.4829218502696,243.00600383864503,244.5379180908203,32316900,0.0,0.0,,0.0,0.0,0.3920455054429617,240.27189200265067,232.98508860270184,4.954065901655211,0.34995435377993545,60.6992035479896,0
2025-02-21,244.6572756706751,247.38287960480025,243.93111682470231,244.25938415527344,53197400,0.0,0.0,,0.0,0.0,-0.11390214561466383,242.1093248639788,233.1046569824219,3.1824039197633094,64.6117047117762,62.76616302812368,1
2025-02-24,243.64264638435856,247.55199828948733,243.1353323966777,245.8012542724609,51326400,0.0,0.0,,0.0,0.0,0.6312429397624886,243.56307329450334,233.25939178466797,1.710582184406094,-3.5170891810502036,80.23126504270564,0
2025-02-25,246.69650753214344,248.68599549611235,243.62275227067275,245.74154663085935,48013300,0.0,0.0,,0.0,0.0,-0.024291023973121995,244.34607587541853,233.60589752197265,1.08810550567189,-6.454962748215342,76.58510099589245,0
2025-02-26,243.0458147674429,243.69239232640413,237.87314875998453,239.0966796875,44433600,0.0,0.0,,0.0,0.0,-2.70400631657981,243.74354553222656,233.8120564778646,2.275021272863359,-7.455642499057557,62.11629872476833,0
2025-02-27,238.1516754344793,241.18564780716903,235.81402085750776,236.05276489257807,41153600,0.0,0.0,,0.0,0.0,-1.27308952968328,242.7246442522321,233.95384775797527,3.710872050552717,-7.381801159482915,56.03518288730584,1
2025-02-28,235.704595715666,240.8175794410065,228.9900734891547,240.5688934326172,56833400,0.0,0.0,,0.0,0.0,1.9131860379158372,242.29406302315846,234.09414825439453,3.7690887286746686,38.100676490027595,70.72820841187007,0
2025-03-03,240.519147417306,242.74737946323825,234.8690087281554,236.77891540527344,47184000,0.0,0.0,,0.0,0.0,-1.5754231452227652,241.18563406808033,234.426416015625,4.123466250436488,-16.978396506279758,63.508594576272,0
2025-03-04,236.4605996661973,238.80819608105105,233.44651142335263,234.68994140625,53798100,0.0,0.0,,0.0,0.0,-0.8822466288638586,239.81857081821983,234.6320821126302,4.503367139625095,14.017675483214642,54.65538986891822,0
2025-03-05,234.18263593082168,235.30670153327668,228.0251680036218,234.5009613037109,47227600,0.0,0.0,,0.0,0.0,-0.08052330722260193,238.20424325125555,235.0745620727539,3.99841611863259,-12.213256601998957,48.20579068840782,0
2025-03-06,233.207802772317,236.60982567864423,231.93453157387603,234.09312438964844,45170400,0.0,0.0,,0.0,0.0,-0.1739169476300262,236.5401829310826,235.4640324910482,2.4708523347317297,-4.355927466142684,38.619688853074415,1
2025-03-07,233.8742682867737,240.10136041796665,233.5261018066448,237.8134613037109,46273600,0.0,0.0,,0.0,0.0,1.5892550982701925,236.35686601911272,235.98314361572267,2.2905965044585335,2.4423073517170435,40.09315771683904,0
2025-03-10,234.3019970725287,234.91874867921032,223.0415027897028,226.28436279296875,72071200,0.0,0.0,,0.0,0.0,-4.847958752014625,234.9613800048828,236.14710032145183,4.457431422384478,55.75014695204177,28.42264310908911,0
2025-03-11,222.63365113389432,224.65298022983384,216.30707871737093,219.67926025390625,76137400,0.0,0.0,,0.0,0.0,-2.9189390099861323,231.9771466936384,235.85638427734375,6.569774315770339,5.641920767241282,23.65709542686504,0
2025-03-12,218.9829331071368,220.58447147788527,213.7804264853068,215.83953857421875,62547500,0.0,0.0,,0.0,0.0,-1.7478762789211566,228.98580714634485,235.15945536295573,8.50196285578052,-17.849177933577977,20.263859301179494,0
2025-03-13,214.8149446944866,215.7002661687503,207.3245242537218,208.5778961181641,61368300,0.0,0.0,,0.0,0.0,-3.364370821038276,225.2555149623326,234.1840377807617,10.956279484378008,-1.8852871817418793,17.70213873253911,1
2025-03-14,210.13965751241795,212.8254631170957,208.47843695256688,212.36788940429688,60107600,0.0,0.0,,0.0,0.0,1.8170637237541643,222.09364754813058,233.3935785929362,11.0368408560956,-2.054317945910189,20.920571393534203,1
2025-03-17,212.18883784213668,214.0888025037831,208.8663965620962,212.87521362304688,48073400,0.0,0.0,,0.0,0.0,0.23888932558169262,219.06251743861608,232.67269388834634,10.062711429431339,-20.0210955020663,21.6346270342366,0
2025-03-18,213.0343879953175,214.019174884069,210.3784232206469,211.57211303710935,42432400,0.0,0.0,,0.0,0.0,-0.6121429375263054,215.31375340053015,232.17301534016926,5.967755125749895,-11.734139877770245,23.832049295002307,1
2025-03-19,213.0940452987452,217.6101760496477,212.6265144386749,214.1086883544922,54385400,0.0,0.0,,0.0,0.0,1.1989176082662256,213.57437133789062,231.59923553466797,3.5024840958566967,28.16951197669706,28.934276939699103,0
2025-03-20,212.86529372925065,216.34689805154304,211.1045924362575,212.97471618652344,48862900,0.0,0.0,,0.0,0.0,-0.5296245456846038,212.61657932826452,230.99858703613282,2.2462089520685313,-10.154379668072677,21.670756343803546,1
2025-03-21,210.4480334492585,217.68976839110027,210.16950634984832,217.12277221679688,94127800,0.0,0.0,,0.0,0.0,1.9476753412553283,212.7998984200614,230.51136576334636,2.5805617850826783,92.6365401971639,29.967532780570536,1
2025-03-24,219.838409330833,220.31588216896776,217.43113083289424,219.56982421875,44299500,0.0,0.0,,0.0,0.0,1.1270360897519094,214.37017386300224,230.29086354573568,2.906946619031219,-52.936858186423144,34.70205730059189,1
2025-03-25,219.60962662242412,222.9221258053629,218.9232508666907,222.57395935058597,34493600,0.0,0.0,,0.0,0.0,1.3681912542057972,215.82818385532923,230.1615468343099,4.064366149516752,-22.13546428289258,38.58309349954023,0
2025-03-26,222.3352353150336,223.83730853242596,219.3112201065871,220.3656463623047,34466100,0.0,0.0,,0.0,0.0,-0.9921704204411741,216.89824567522322,229.7938232421875,4.142618735066176,-0.07972493448059614,37.29746978425393,1
2025-03-27,220.2263848697343,223.80746952519277,219.4007454858761,222.6734619140625,37094800,0.0,0.0,,0.0,0.0,1.0472664818015787,218.4841526576451,229.3621047973633,3.8804524421138176,7.626914562425102,35.61435573382933,0
2025-03-28,220.504904155295,222.6336557419088,216.5358700680628,216.7547149658203,39818600,0.0,0.0,,0.0,0.0,-2.658038770029292,218.8621564592634,228.57857767740884,3.492695369780512,7.342808156399272,39.86456770300322,1
2025-03-31,215.8693941954849,224.43414081005065,215.09349507460487,220.9624938964844,65299300,0.0,0.0,,0.0,0.0,1.9412629300025186,220.0032675606864,227.83351440429686,2.374448997174478,63.99195350916407,51.43814397377696,1
2025-04-01,218.65466729819107,222.5043215641154,217.74944665223012,222.01690673828125,36412700,0.0,0.0,,0.0,0.0,0.4771908676459935,220.70242963518416,227.1279088338216,2.088210729610532,-44.237227657876886,57.384087841535035,1
2025-04-02,220.15675729790527,224.00641185945875,219.8583310514353,222.71324157714844,35905900,0.0,0.0,,0.0,0.0,0.3136404560793338,221.1514892578125,226.4322514851888,2.141367636638217,-1.391822084053096,70.04239657019613,0
2025-04-03,204.4596482635752,206.39941095201831,200.1922037418915,202.12200927734372,103419000,0.0,0.0,,0.0,0.0,-9.245625520057754,218.2297821044922,225.0183878580729,7.392065684066533,188.02787285655006,40.160463195630165,0
2025-04-04,192.87092693410324,198.8294493717933,186.35535024633944,187.389892578125,125910900,0.0,0.0,,0.0,0.0,-7.288724643046618,213.51896013532365,223.12273813883465,13.65680401216205,21.748324775911577,30.77729781937863,0
2025-04-07,176.26863687444822,193.12954493623215,173.70219548773406,180.5062561035156,160466300,0.0,0.0,,0.0,0.0,-3.673429969943298,207.49507359095983,220.94623819986978,17.659147940651327,27.444327695219407,28.387519203479215,0
2025-04-08,185.7186904058969,189.33955773730443,168.32062862424334,171.5137481689453,120859500,0.0,0.0,,0.0,0.0,-4.981826186352967,201.0320783342634,218.47197825113932,21.55456526607202,-24.682316473926303,22.80923326281176,1
2025-04-09,171.04623198001363,199.55559936553783,170.98654976711688,197.8048553466797,184395900,0.0,0.0,,0.0,0.0,15.328862822026945,197.72384425571985,217.0955841064453,19.681540918484366,52.570464051233046,42.670378322936514,0
2025-04-10,188.07624843340895,193.7562279640405,182.03814529024515,189.4191436767578,121880000,0.0,0.0,,0.0,0.0,-4.23938616432078,193.0670209612165,215.54113006591797,16.58911019367226,-33.90308569767549,37.14101527325144,1
2025-04-11,185.1218672695082,198.491214081568,185.0820690088969,197.1085205078125,87435900,0.0,0.0,,0.0,0.0,4.059450740721626,189.4092036655971,214.0924509684245,10.762352533302447,-28.26066622907778,40.05813465010473,1
2025-04-14,210.3286813853017,211.8207974391945,200.10271391024364,201.45556640625,101352900,0.0,0.0,,0.0,0.0,2.2054074005721125,189.31399754115515,212.91500600179037,10.633323184067027,15.916803052293172,40.76235384954038,0
2025-04-15,200.7990180691496,202.44033954558063,198.74984792281177,201.0775451660156,51343900,0.0,0.0,,0.0,0.0,-0.1876449715328743,191.26937648228235,211.79459279378256,11.447850575622542,-49.341459395833766,41.42566960109843,0
2025-04-16,197.31741584829123,199.64511311117852,191.35889396287376,193.24891662597656,59732400,0.0,0.0,,0.0,0.0,-3.893338032138538,193.08975655691964,210.41952463785807,10.417909502313895,16.33787071102897,37.53161924001578,1
2025-04-17,196.16351652823,197.7849541282245,193.39812938355277,195.94467163085935,52164700,0.0,0.0,,0.0,0.0,1.3949651319910217,196.57988848005022,209.14790954589844,4.2535531544406195,-12.669338583415367,40.934312725652205,0
2025-04-21,192.254167314604,192.78138039340035,188.81234657174457,192.14474487304688,46742500,0.0,0.0,,0.0,0.0,-1.9392855780080431,195.77130126953125,207.62561899820963,4.512012645468497,-10.394385475235168,37.40106507230476,1
2025-04-22,195.0892017003565,200.53045296496776,194.9399961616373,198.690185546875,52976400,0.0,0.0,,0.0,0.0,3.40651558186138,197.09573582240515,206.7058130900065,3.6064904414213914,13.336685029683903,40.268923828552175,1
2025-04-23,204.9172632087338,206.9067512010516,201.7340854567431,203.52462768554688,52929200,0.0,0.0,,0.0,0.0,2.4331559837067696,198.01232256208147,206.16732533772787,4.3491418349816096,-0.08909627683270083,42.262340525315054,1
2025-04-24,203.81310578126343,207.73239972806863,201.87335793866916,207.2748107910156,47311000,0.0,0.0,,0.0,0.0,1.842618826092579,198.84364318847656,205.8818344116211,5.516495118254833,-10.614556804183707,52.40439289033239,1
2025-04-25,205.2853145092793,208.6475540878433,205.1162098506388,208.18002319335935,38222300,0.0,0.0,,0.0,0.0,0.43672089188706575,199.85828290666853,205.86857198079426,6.551863953417821,-19.210543002684368,61.13832628274908,1
2025-04-28,208.8962436468608,210.38835967290976,206.3696005213303,209.03550720214844,38743100,0.0,0.0,,0.0,0.0,0.41093472642881324,202.11351013183594,205.757492574056,6.614339244674281,1.362555366893159,66.33999374608587,1
2025-04-29,207.59312493762445,211.12446912484504,207.27479957627347,210.09988403320312,36827600,0.0,0.0,,0.0,0.0,0.509184705173249,204.13568333217077,205.66498158772785,6.577742904903888,-4.944106176325591,74.30754037333234,1
2025-04-30,208.19992461631293,212.4574277707069,205.5837430092506,211.3831024169922,52286500,0.0,0.0,,0.0,0.0,0.6107658696214546,206.88402012416296,205.65868123372397,4.38689720917312,41.97639813618048,62.488541064949786,1
2025-05-01,207.98107159612528,213.4322643155357,207.8020097882055,212.19879150390625,57365700,0.0,0.0,,0.0,0.0,0.3858818787250806,208.8138209751674,205.5950180053711,2.9013833829838935,9.714170961911783,74.34097488010391,0
2025-05-02,205.0067917796952,205.9020705063368,201.09745506032,204.27069091796875,101010600,0.0,0.0,,0.0,0.0,-3.7361666999840337,208.92040143694197,205.3048838297526,2.6799596548008346,76.08187470910318,57.614223079313945,0
2025-05-05,202.03252954096357,203.0272736250085,197.1682315771274,197.8446502685547,69018500,0.0,0.0,,0.0,0.0,-3.1458456524213974,207.57323564801897,204.6622797648112,5.005886672014516,-31.672022540208655,46.32368362100812,0
2025-05-06,197.1682179665783,199.5953806140849,195.98447015970467,197.4666290283203,51216500,0.0,0.0,,0.0,0.0,-0.1910697305796516,206.0427507672991,203.92550659179688,6.268067574190106,-25.793084462861405,46.32368362100815,0
2025-05-07,198.12317194216024,198.3917570874617,192.2342889482049,195.2185211181641,68536700,0.0,0.0,,0.0,0.0,-1.138474850772786,204.0688956124442,203.01365865071614,7.264831426125484,33.81761736940243,52.26235302942886,1
2025-05-08,196.68078271707188,198.99853803284543,193.65675249053749,196.45199584960935,50478900,0.0,0.0,,0.0,0.0,0.6318430876231407,202.11919730050224,202.21653696695964,7.207654842974634,-26.34763564630337,50.6029851829014,1
2025-05-09,197.95407268173315,199.4859718922483,196.5017396407649,197.48654174804688,36453900,0.0,0.0,,0.0,0.0,0.5266151122381713,200.13397434779577,201.3769729614258,6.051935203847666,-27.78388594046225,56.79577500331947,1
2025-05-12,210.1363584051843,210.4351760021984,205.93303241640405,209.95706176757807,63775800,0.26,0.0,,0.0,0.0,6.314617648954068,199.813727242606,201.15038452148437,5.322450003789816,74.94918239200743,62.45580332682863,1
2025-05-13,209.598471364776,212.55673652410627,208.17412935394688,212.08859252929688,51909300,0.0,0.0,,0.0,0.0,1.0152222286661683,200.9305703299386,200.8545878092448,6.976714454620993,-18.606587451666623,60.06944668709091,0
2025-05-14,211.5905625216416,213.09460539099956,209.7478820292828,211.490966796875,49325800,0.0,0.0,,0.0,0.0,-0.28178117705190964,202.88004411969865,200.50372314453125,7.825633116057494,-4.976950180410833,55.354263878338834,0
2025-05-15,210.116431917556,212.1184991665837,208.71199985896817,210.6144561767578,45029500,0.0,0.0,,0.0,0.0,-0.4144435260722168,204.758305140904,200.10043029785157,7.887376176240804,-8.710046263821368,53.09383846332553,0
2025-05-16,211.52086084946143,211.73003772257164,208.94109887256835,210.4252014160156,54737900,0.0,0.0,,0.0,0.0,-0.08985839062414236,206.93068804059706,200.37720336914063,6.847575235383119,21.560088386502187,51.796537471145896,0
2025-05-19,207.0884445111699,208.65223273202483,203.45285841572863,207.9550018310547,46140500,0.0,0.0,,0.0,0.0,-1.1739086232723905,208.573974609375,201.06270701090494,5.06094874345666,-15.70648490351292,47.32443833324006,0
2025-05-20,206.84939942841044,207.6462413037707,204.2198318786679,206.0426025390625,42496600,0.0,0.0,,0.0,0.0,-0.9196216850536953,209.7962690080915,201.9139185587565,2.109417969778297,-7.8974003315958825,43.441126523226416,0
2025-05-21,204.3592586621154,206.2218644000924,199.91689108628387,201.2914276123047,59211800,0.0,0.0,,0.0,0.0,-2.3059187120571645,208.5583212716239,202.90650787353516,3.8357253919726966,39.33302899526079,37.78502463586189,0
2025-05-22,199.9168903850684,201.94882252859867,198.91087172706412,200.56431579589844,46742400,0.0,0.0,,0.0,0.0,-0.3612234385890978,206.91199602399553,202.9984898885091,4.486002978563131,-21.05897810909312,45.051108453421726,0
2025-05-23,192.9047141233614,196.9187884239126,192.69555244631704,194.49839782714844,78432900,0.0,0.0,,0.0,0.0,-3.0244253294404055,204.48448617117745,203.1677983601888,5.9529566127154,67.79818751283631,45.488571459135464,1
2025-05-27,197.51641281084125,199.94677348688447,196.64984031499387,199.4188690185547,56288500,0.0,0.0,,0.0,0.0,2.529826078968056,202.88511657714844,203.24480997721355,5.519725503089265,-28.23356015141605,52.34481641294516,1
2025-05-28,199.79734764673603,201.92889064401075,199.1100718095576,199.6280212402344,45339700,0.0,0.0,,0.0,0.0,0.1048808584207972,201.34266226632255,203.18389180501302,4.470381253805481,-19.45122005382982,55.56897250134223,0
2025-05-29,202.775557811137,203.00464471322184,197.72558456215265,199.15989685058597,51396800,0.0,0.0,,0.0,0.0,-0.23449833682671617,200.08621869768416,203.1199701944987,3.413129760665706,13.359373793827478,53.487357555106264,1
2025-05-30,198.5821728136608,201.1619498266407,196.002410999174,200.05633544921875,70819900,0.0,0.0,,0.0,0.0,0.4501099934317132,199.23103768484933,203.34688415527344,2.209817909865026,37.79048501073996,53.32131134350469,1
2025-06-02,199.488582384924,201.3312780971428,199.32921098525784,200.9029693603516,35423300,0.0,0.0,,0.0,0.0,0.4231977503895479,199.17554364885603,203.5121607462565,2.1536156778285545,-49.98114936620921,33.27191299361591,1
2025-06-03,200.55435521702816,202.9647905668523,200.16589694161212,202.46676635742188,46381600,0.0,0.0,,0.0,0.0,0.7783842130602681,199.44732230050224,203.85622812906902,2.4567857157703425,30.935288355404488,31.842056158731694,0
2025-06-04,202.10821066626008,205.4250540916368,201.30141378953223,202.01856994628903,43604000,0.0,0.0,,0.0,0.0,-0.22136789123288203,200.5216326032366,203.96717427571613,1.3073662421295258,-5.988581678941651,32.02266225947264,0
2025-06-05,202.69587362440456,203.9409342732031,199.35910500622677,199.83721923828125,55126100,0.0,0.0,,0.0,0.0,-1.0797773237320452,200.5813969203404,203.8442606608073,1.2571509231589464,26.42441060453169,30.51148262912612,1
2025-06-06,202.19783403313104,204.8871617909174,201.2515910514923,203.11419677734372,46607700,0.0,0.0,,0.0,0.0,1.6398234280647683,201.0794219970703,203.70557352701823,1.486187390072001,-15.45257146796164,38.107525557946055,0
2025-06-09,203.5823461143216,205.1859847584805,199.22961916524451,200.65396118164065,72862600,0.0,0.0,,0.0,0.0,-1.2112573294913553,201.29285975864954,203.45470479329427,1.2536658327653685,56.33167910023451,38.119882470308475,1
2025-06-10,199.8073282051838,203.5425099498084,199.77744796710627,201.869140625,54672600,0.0,0.0,,0.0,0.0,0.6056094961710334,201.5518319266183,203.21582590738933,1.1375199122134105,-24.964796754439178,43.0513552184446,0
2025-06-11,202.69585666840095,203.69190510411792,197.62597377824,197.9945068359375,60989900,0.0,0.0,,0.0,0.0,-1.9193789486923962,201.13633728027344,202.81231333414715,1.7695949568091605,11.55478246873205,44.34572300226465,1
2025-06-12,198.29333609984755,198.890956077424,196.58013147350607,198.4128570556641,43904600,0.0,0.0,,0.0,0.0,0.21129385173965787,200.55720738002233,202.37997182210287,1.918695771522327,-28.013326796731917,46.27071501722376,0
2025-06-13,198.94075911963023,199.57822954037988,194.9266849517312,195.67372131347656,51447300,0.0,0.0,,0.0,0.0,-1.3805233102505365,199.65080043247767,201.82913614908855,2.5182732679391773,17.17974881903035,52.30286918377989,1
2025-06-16,196.52037110088895,197.9048779009829,195.78328974313985,197.6359405517578,43020700,0.0,0.0,,0.0,0.0,1.0028016154186137,199.3363320486886,201.60797780354818,2.62624184368265,-16.37909083664254,46.04854854854854,0
2025-06-17,196.42074594971083,197.60604600468164,194.4386193152405,194.86691284179688,38856200,0.0,0.0,,0.0,0.0,-1.4010749776737996,198.15814862932478,201.50871988932292,2.4956465521758107,-9.680223706262336,40.52338478658594,1
2025-06-18,195.16572178414583,196.78928550519316,194.29916455806156,195.80319213867188,45394700,0.0,0.0,,0.0,0.0,0.4804711498842984,197.4651816231864,201.4532719930013,2.3567218459728787,16.827430371472254,43.440978195728505,1
2025-06-20,197.45664606001856,200.90296511361447,196.08209436431653,200.2057342529297,96813500,0.0,0.0,,0.0,0.0,2.248452676471091,197.22755214146204,201.61951243082683,1.8728466118166895,113.27049192967462,50.2567469834655,1
2025-06-23,200.83325703321927,201.5006076815208,198.1738094532141,200.70376586914065,55814300,0.0,0.0,,0.0,0.0,0.24875991592816504,197.6145891462054,201.76123809814453,2.2910181675476284,-42.34863939429935,49.65351041326613,0
2025-06-24,201.78945874554145,202.63610603642124,199.4089034764897,199.50851440429688,54064000,0.0,0.0,,0.0,0.0,-0.5955301634066434,197.77111162458147,201.8286371866862,2.389937645229364,-3.1359346977387514,44.78766409534225,1
2025-06-25,200.6539838527012,202.8652129211553,199.827261705622,200.7635498046875,39525700,0.0,0.0,,0.0,0.0,0.629063578633704,198.49822998046875,201.52218678792318,2.419557263525434,-26.890907073098546,47.84983313456579,0
2025-06-26,200.63402778217431,201.8392530687452,198.6718263594232,200.2057342529297,50799100,0.0,0.0,,0.0,0.0,-0.2778470256679988,198.86534336635046,201.12609151204427,2.4615092329647683,28.521696010443833,50.6685512664854,1
2025-06-27,201.09221242791352,202.41695863400852,199.20968154525065,200.2854156494141,73188600,0.0,0.0,,0.0,0.0,0.039799757375447165,199.63941519601005,200.75257314046223,1.7411210215913693,44.07459974684591,44.19461370179779,1
2025-06-30,201.211736268348,206.57048164253425,198.4726031076903,204.3592529296875,91912800,0.0,0.0,,0.0,0.0,2.0340159402342017,200.86170959472656,200.5440663655599,1.5964152643566625,25.583492511128792,57.13186445257654,1
2025-07-01,205.85332972802505,209.35942450018743,205.3254252695324,206.9987945556641,78788900,0.0,0.0,,0.0,0.0,1.291618357444646,201.83214678083147,200.4298528035482,2.7668429669066135,-14.278642365372395,59.36021009290129,1
2025-07-02,208.08449026524104,212.49697770796604,207.31752868499885,211.6005401611328,67941800,0.0,0.0,,0.0,0.0,2.223078455769101,203.38882882254464,200.5513707478841,4.529863370246968,-13.767294631604198,74.1854988719391,1
2025-07-03,211.3116844715072,213.80180573654255,210.9730316271009,212.70616149902344,34955800,0.0,0.0,,0.0,0.0,0.5225040243511225,205.27420697893416,200.77348937988282,5.32276972997804,-48.550376940263575,74.80118826351479,0
2025-07-07,211.83958469799765,215.37555986284275,207.9749269074613,209.1203765869141,50229000,0.0,0.0,,0.0,0.0,-1.6857926854769612,206.4680393763951,201.03445434570312,5.073815256579658,43.692892166679066,72.66615087995821,1
2025-07-08,209.26978591644843,210.59451698338924,207.6262968509882,209.1801300048828,42848900,0.0,0.0,,0.0,0.0,0.028573694703482033,207.7500959123884,201.32164815266927,4.303000792756471,-14.692906488283663,70.79288684069927,1
2025-07-09,208.70202548866368,210.4949156952032,206.40115605631,210.3056640625,48749400,0.0,0.0,,0.0,0.0,0.5380692982602575,209.18155997140067,201.848557027181,2.8154557538257534,13.770481856010308,79.55751685004627,1
2025-07-10,209.678147079363,212.6364120977978,209.2000480941239,211.57064819335935,44443600,0.0,0.0,,0.0,0.0,0.6014978895116263,210.21175929478235,202.2536163330078,1.940131843328376,-8.832518964335968,79.81161034210174,0
2025-07-11,209.73792710960444,211.29176024279,209.03072603053,210.3255920410156,39765800,0.0,0.0,,0.0,0.0,-0.5884824586848469,210.687016078404,202.61020202636718,1.3350032349293937,-10.525249979749617,71.72792742145259,0
2025-07-14,209.1004448233413,210.07658325197187,206.71988962428105,207.79562377929688,38840100,0.0,0.0,,0.0,0.0,-1.202881797297095,210.1434565952846,202.89805959065754,1.6406719466637378,-2.327879735853422,64.00467413065147,1
2025-07-15,208.393257343384,211.052704873644,208.0944397695192,208.28369140625,42296300,0.0,0.0,,0.0,0.0,0.234878684197648,209.51167515345983,203.17230478922525,1.3069087077573356,8.898535276685692,67.82672039677627,1
2025-07-16,209.46900551017632,211.5606982702429,207.81556132948492,209.32955932617188,47490500,0.0,0.0,,0.0,0.0,0.502136251216112,209.54155840192522,203.45319112141928,1.2988368366265224,12.280506805559831,67.55095379705529,0
2025-07-17,209.7379236663323,210.96305897069357,208.761785269157,209.19009399414065,48068100,0.0,0.0,,0.0,0.0,-0.06662476741466916,209.54298182896204,203.67730204264322,1.2983801016270857,1.2162432486497288,68.72919284294252,1
2025-07-18,210.0367321724359,210.95309492429405,208.871357307622,210.3455047607422,48974600,0.0,0.0,,0.0,0.0,0.5523257552692229,209.54867335728235,203.95486653645833,1.302361793180835,1.8858660941456051,70.07149406895151,1
2025-07-21,211.2618775331451,214.92732845073888,210.7937335563828,211.64036560058597,51377400,0.0,0.0,,0.0,0.0,0.6155875978032466,209.55863298688615,204.34830474853516,1.3205413842712548,4.906216691917842,66.33880065824317,1
2025-07-22,212.2977797534573,214.1006251327807,211.39137195770533,213.55279541015625,46404100,0.0,0.0,,0.0,0.0,0.9036224276702809,210.01966203962053,204.69625803629557,2.0141271908668736,-9.679937092963053,65.20328840668873,0
2025-07-23,214.15043456376964,214.29983576430007,211.5706725113145,213.3037872314453,46989300,0.0,0.0,,0.0,0.0,-0.11660263132247106,210.8065425327846,205.1179189046224,2.0754564062103995,1.2610954635474014,54.9507778501213,0
2025-07-24,213.0547446286313,214.8376797586153,212.68621158769832,212.9152984619141,46022600,0.0,0.0,,0.0,0.0,-0.1821293351485065,211.46820068359375,205.48612416585286,1.864700555350105,-2.057276869414948,50.634337338245466,1
2025-07-25,213.8516029142824,214.3894775978428,212.5567368669443,213.03485107421875,40268800,0.0,0.0,,0.0,0.0,0.05615031572099305,211.99752807617188,205.9874689737956,1.6724205580423102,-12.50211852437716,65.03433636865516,1
2025-07-28,213.1842678888476,214.00103498726415,212.21809958876685,213.2041931152344,37858000,0.0,0.0,,0.0,0.0,0.07949029943306041,212.5709708077567,206.4805135091146,1.1586228581431341,-5.986768912905271,65.3262184739164,0
2025-07-29,213.3336394454552,213.96115480223384,209.9869314052821,210.4351501464844,51411700,0.0,0.0,,0.0,0.0,-1.2987750983177726,212.58377729143416,206.97256113688152,1.1300681611452015,35.80141581700036,50.43829565691676,0
2025-07-30,211.06266703997412,211.5507362671114,206.89919168476044,208.22393798828125,45512500,0.0,0.0,,0.0,0.0,-1.0507808019068698,212.09571620396204,207.32549438476562,2.0047057992034296,-11.474430917475987,39.353739515377484,0
2025-07-31,207.6661491373953,209.01080544085684,206.3414028602417,206.74978637695312,80698400,0.0,0.0,,0.0,0.0,-0.7079645239497334,211.12385777064733,207.72159016927083,2.70670144423985,77.310409228234,38.7883769306876,0
2025-08-01,210.03674932642843,212.7360475386617,200.7037794341265,201.58030700683597,104434500,0.0,0.0,,0.0,0.0,-2.500355362250284,209.4490748814174,207.9141606648763,4.294383558682239,29.413346485184345,33.2799158017104,1
2025-08-04,203.70186769022783,207.0585613783641,200.88304868853191,202.5464630126953,75109300,0.0,0.0,,0.0,0.0,0.4792908693340703,207.96781267438615,207.9921849568685,4.671237550386659,-28.079992722711367,34.953085818975126,0
2025-08-05,202.59626309701343,204.5285996595603,201.36117265797924,202.1181640625,44155100,0.0,0.0,,0.0,0.0,-0.2114571362169193,206.40828595842635,208.0393315633138,4.517399827435107,-41.21220674403836,30.453638571437907,1
2025-08-06,204.81746371165528,214.5289368613384,204.77761325937152,212.4073486328125,108483100,0.0,0.0,,0.0,0.0,5.0906778309795175,206.29445103236608,208.46929270426432,4.3234842692744975,145.68645524526045,55.625236112326476,1
2025-08-07,218.0150880895572,219.9773047383464,215.7241736307253,219.16053771972656,90224800,0.0,0.0,,0.0,0.0,3.1793575553679565,207.54093497140067,209.08252563476563,6.450708480225332,-16.830547799611185,62.88958680282238,1
2025-08-08,219.95738825778145,230.08719950298996,218.38362983130105,228.4437255859375,113854000,0.0,0.0,,0.0,0.0,4.235793525056386,210.42947605678015,210.02379201253254,10.228427009416325,26.189251735664687,69.91734813728552,0
2025-08-11,227.27701087414155,228.91238364576836,224.12592192869852,226.53909301757807,61806100,0.26,0.0,,0.0,0.0,-0.8337425610942972,213.2565198625837,210.89891459147137,11.674464443434044,-45.71459939923059,65.39575596893744,1
2025-08-12,227.36674823663387,230.14888579943397,226.429412881848,229.0021209716797,55626200,0.0,0.0,,0.0,0.0,1.0872419065924843,217.1739218575614,211.72034352620443,11.704176314093358,-9.998851246074414,67.68270590572806,1
2025-08-13,230.4181341091737,234.3370398551092,229.77992501054072,232.6717529296875,69878500,0.0,0.0,,0.0,0.0,1.6024445286520361,221.477534702846,212.57610880533855,10.943027385627364,25.62155962478112,70.72206553744792,0
2025-08-14,233.39969406647396,234.4567012802976,230.19875827485632,232.1233062744141,51916300,0.0,0.0,,0.0,0.0,-0.23571690519696986,225.76398359026228,213.26020100911458,7.398544930009949,-25.704902080038927,69.84288825476688,0
2025-08-15,233.33985018068216,233.6190590405621,228.69299310222905,230.9366455078125,56038700,0.0,0.0,,0.0,0.0,-0.5112200001143874,228.41102600097656,213.86788380940754,4.614103411392318,7.940473415863614,68.05149359126102,0
2025-08-18,231.0463446646661,232.46233685580373,229.46083388892836,230.23863220214844,37476200,0.0,0.0,,0.0,0.0,-0.3022531587090427,229.99361092703683,214.5718256632487,2.1593319720771467,-33.1244300813545,71.0472602937441,0
2025-08-19,230.62753117126795,232.2130419457167,228.70298322789472,229.90956115722656,39402600,0.0,0.0,,0.0,0.0,-0.14292607707683258,230.20301600864954,215.26280670166017,2.0524072764123646,5.1403290621781395,74.00810389582304,0
2025-08-20,229.33119207499823,229.81981519856652,225.1330775565405,225.3723907470703,42263900,0.0,0.0,,0.0,0.0,-1.9734587754066668,230.03634425571985,215.76503092447916,2.4148984171304293,7.2617035424058285,69.30757915792475,0
2025-08-21,225.6316635652229,225.88095827873423,223.14868274098328,224.26551818847656,30621200,0.0,0.0,,0.0,0.0,-0.4911305040181113,229.35968671526228,216.18819325764974,3.2664497521026252,-27.54762338544242,75.68318717258937,1
2025-08-22,225.53193619713707,228.44369658121065,224.77408575714253,227.1174468994141,42477800,0.0,0.0,,0.0,0.0,1.2716750813831057,228.56621442522322,216.7479217529297,2.9907867625894755,38.72023304116104,76.67898874974811,0
2025-08-25,225.84106025439087,228.6531118971015,225.59176554347297,226.51914978027344,30983100,0.0,0.0,,0.0,0.0,-0.26343071715033695,227.765620640346,217.37203928629557,2.605115196877515,-27.060488066707787,76.39695757287225,1
2025-08-26,226.22996704217397,228.84258604761436,224.05612439304167,228.6630859375,54575100,0.0,0.0,,0.0,0.0,0.9464701590599311,227.44082641601562,218.05135243733724,2.263159935665449,76.14473696950918,71.34751937903712,1
2025-08-27,227.965066276898,230.24859923631865,227.6160475796746,229.8397674560547,31259500,0.0,0.0,,0.0,0.0,0.5145918125483151,227.38384573800224,218.73502604166666,2.184636914127246,-42.722047233994985,66.43081849598067,1
2025-08-28,230.16884905542523,232.75153884501827,228.69301327644948,231.9039306640625,38074700,0.0,0.0,,0.0,0.0,0.8980879291928812,227.66875566755022,219.49215393066407,2.649513929120163,21.80201218829476,56.84415695733685,0
2025-08-29,231.85405874294375,232.7216147258446,230.71727541448905,231.485107421875,39418400,0.0,0.0,,0.0,0.0,-0.18060204541949787,228.54200090680803,220.19680735270182,2.771067558816086,3.529115134196714,60.393963880765554,0
2025-09-02,228.6032698757151,230.19876225122124,226.32970313085187,229.0719451904297,44075600,0.0,0.0,,0.0,0.0,-1.042469754672981,229.2286333356585,220.77786000569662,2.0316323629967106,11.814787003023962,50.14704256779511,1
2025-09-03,236.5408165177042,238.17618932549604,233.6988505309185,237.79725646972656,66427800,0.0,0.0,,0.0,0.0,3.8089829254487784,230.7543204171317,221.58600870768228,3.5924765622373123,50.71331984136347,58.89889532416238,1
2025-09-04,237.7772812570227,239.22318747047024,236.07211403385236,239.10353088378903,47549400,0.0,0.0,,0.0,0.0,0.5493227438596593,232.55208914620536,222.4460001627604,4.21473932313622,-28.419426806246783,61.80832687147059,0
2025-09-05,239.3229322237051,240.63921565449172,237.8171975861315,239.0138092041016,54870400,0.0,0.0,,0.0,0.0,-0.037524196884841654,234.03076389857702,223.31595052083333,4.432987938139485,15.396619095088472,64.19066471433166,0
2025-09-08,238.62491556233425,239.47250850410185,235.6732593017711,237.20892333984372,48999500,0.0,0.0,,0.0,0.0,-0.7551387387481956,235.083500453404,224.1217529296875,4.136962630439984,-10.699575727532517,61.78756095635083,0
2025-09-09,236.33140663047269,238.10638391026916,232.70167593051625,233.6888885498047,66313900,0.0,0.0,,0.0,0.0,-1.4839386058828619,235.33849443708147,224.80457611083983,3.9595219330185283,35.33587077419158,55.76868612526668,0
2025-09-10,231.53496736029476,231.76431424305807,225.31256565050364,226.1501922607422,83440800,0.0,0.0,,0.0,0.0,-3.225954103271722,234.57636369977678,225.32841084798176,5.1571517687878785,25.82701364269029,51.087566908812846,1
2025-09-11,226.23995033725743,229.7998710451417,226.010588238333,229.3810577392578,50208600,0.0,0.0,,0.0,0.0,1.4286370691166894,234.62052263532365,226.0336481730143,5.103205153203761,-39.82727874133517,56.751800267935614,1
2025-09-12,228.57335925244223,233.84842918261825,228.373926506362,233.40968322753903,55824200,0.0,0.0,,0.0,0.0,1.7563026031820916,233.9937264578683,226.92231140136718,4.913935915577324,11.184538107017516,58.054685479579994,1
2025-09-15,236.33139853346725,237.5180438551372,234.36695488957943,236.03224182128903,42699500,0.0,0.0,,0.0,0.0,1.123586030144863,233.55497087751115,228.07070922851562,4.501453385576032,-23.51077131423289,61.57768497554655,1
2025-09-16,236.51088466190768,240.53949594661788,235.65332541334,237.4781494140625,63421100,0.0,0.0,,0.0,0.0,0.6125890181851723,233.33559090750558,229.23509877522787,4.219676457783013,48.528905490696616,60.91359185224873,1
2025-09-17,238.2958480596019,239.42266510979977,237.05934071942244,238.3157958984375,46508000,0.0,0.0,,0.0,0.0,0.3527257082143187,233.49371555873327,230.44168650309246,4.405654136698082,-26.66793858826163,60.58268644796589,0
2025-09-18,239.29302360434255,240.51954939992544,235.98238232851827,237.20892333984372,44249600,0.0,0.0,,0.0,0.0,-0.4644562289381371,233.996577671596,231.26840565999348,4.626973713305904,-4.8559387632235325,56.78572014105913,1
2025-09-19,240.5494606794321,245.60516498271892,239.53234916144805,244.8074188232422,163741300,0.0,0.0,,0.0,0.0,3.2032924294809417,236.66189575195312,232.12330169677733,4.726422071113884,270.04018115417995,64.39656642226385,1
2025-09-22,247.5995237986898,255.9160073848096,247.42002368458668,255.3575592041016,105517400,0.0,0.0,,0.0,0.0,4.309567263758818,240.3728245326451,233.0204294840495,7.462737169957708,-35.55846936600601,74.15689118717597,0
2025-09-23,255.15815615601056,256.6140289111009,252.86464151383095,253.7122344970703,60275200,0.0,0.0,,0.0,0.0,-0.644321911659651,243.273188999721,233.92620086669922,8.21304246791066,-42.87653031632698,66.81418383007258,0
2025-09-24,254.49998437943248,255.0185216358605,250.3317689223136,251.5981903076172,42303700,0.0,0.0,,0.0,0.0,-0.8332448743135101,245.49689592633928,234.67940317789714,8.031029642844027,-29.815745115735826,62.97908573725519,1
2025-09-25,252.49566170312627,256.4444966190252,250.99989343760635,256.14532470703125,55202100,0.0,0.0,,0.0,0.0,1.8073001216163398,248.16363525390625,235.46185557047525,8.02384853760363,30.490004420417115,66.28742544505202,0
2025-09-26,253.38315498635407,256.87328100426123,253.06405044687503,254.73931884765625,46076300,0.0,0.0,,0.0,0.0,-0.54890943685314,250.50985281808036,236.21572265625,7.00023081609167,-16.53161745658227,66.79402703364852,0
2025-09-29,253.8418726304012,254.28063380560437,252.2962422052969,253.7122344970703,40127700,0.0,0.0,,0.0,0.0,-0.40319034973952395,252.86746869768416,236.97490895589192,3.839519150752166,-12.910324830769838,70.14445365509191,1
2025-09-30,254.1410137555297,255.1980209495745,252.39595068950493,253.9116668701172,37704300,0.0,0.0,,0.0,0.0,0.0786057374971394,254.16807556152344,237.76401011149088,1.4569569999901915,-6.039219790817818,82.76839495784387,1
2025-10-01,254.32049261064776,258.0599285933123,254.21080232618837,254.72933959960935,48713900,0.0,0.0,,0.0,0.0,0.32203038937570483,254.07832990373885,238.59133605957032,1.389250889374748,29.199852536713312,81.72743465052781,1
2025-10-02,255.85613542550084,257.4516276685696,253.43299812845933,256.40460205078125,42630200,0.0,0.0,,0.0,0.0,0.6576637201686886,254.46295383998327,239.62574310302733,1.6238881042511177,-12.488632607941474,80.58356972934965,1
2025-10-03,253.9515436206674,258.5086431914624,253.23357360959045,257.2920837402344,49155600,0.0,0.0,,0.0,0.0,0.34612549164674267,255.2763671875,240.72662862141928,1.3532487101703197,15.306988942111467,79.64407156866116,0
2025-10-06,257.2621558739689,258.33912604890287,254.3304629034206,255.96583557128903,44664100,0.0,0.0,,0.0,0.0,-0.5154640398047916,255.25072588239397,241.68824157714843,1.3356252952124235,-9.137310906590502,75.86497371467007,0
2025-10-07,256.0855101139428,256.6738420114173,254.70939836699205,255.75645446777344,31955800,0.0,0.0,,0.0,0.0,-0.08180041021813578,255.39603097098214,242.6628184000651,1.3260089768909213,-28.453052899308396,74.83675625497872,1
2025-10-08,255.79633660873375,257.7906945345413,255.3874895821648,257.3320007324219,36496900,0.0,0.0,,0.0,0.0,0.6160338232429563,255.91314043317522,243.61844889322916,1.264304276482957,14.210565844072121,78.27922882745025,0
2025-10-09,257.08267167133846,257.2721380835156,252.42584836214985,253.32330322265625,38322000,0.0,0.0,,0.0,0.0,-1.5577920734133444,255.82908848353796,244.40123341878254,1.428443153862614,5.000698689477745,63.3104550955157,0
2025-10-10,254.22079760361632,255.65673769030235,243.31165772832736,244.5780792236328,61999100,0.0,0.0,,0.0,0.0,-3.4521987862036085,254.37890842982702,244.8237050374349,4.525802056070579,61.784614581702414,32.14403788544382,1
2025-10-13,248.67648318296307,248.98560621270488,244.867252416582,246.9613342285156,38142900,0.0,0.0,,0.0,0.0,0.9744352447480065,253.02987016950334,245.3395792643229,5.18129565996215,-38.478300491458754,39.08415102625904,1
2025-10-14,245.90431694508948,248.1479694164288,244.00966795095763,247.07101440429688,35478000,0.0,0.0,,0.0,0.0,0.04441188177246591,251.56971740722656,245.93954823811848,5.220027509176674,-6.986621363346779,42.17241977926072,1
2025-10-15,248.78616738422892,251.1095960297993,246.7718617608356,248.63658142089844,33893600,0.0,0.0,,0.0,0.0,0.6336506208048043,250.5226811000279,246.3008590698242,4.917580024448163,-4.465866170584587,35.52477766201096,0
2025-10-16,247.54965348458143,248.33741809379524,244.43846029169785,246.7519073486328,39777000,0.0,0.0,,0.0,0.0,-0.7580035333075941,249.23631722586495,246.55580495198566,4.478444422697279,17.35843935138197,34.88103552153572,1
2025-10-17,247.3203043073955,252.66518358811555,246.5724201648456,251.5782470703125,49147000,0.0,0.0,,0.0,0.0,1.955948293789933,248.4143524169922,246.97461954752603,3.042859061582419,23.556326520350957,46.46859936317473,1
2025-10-20,255.168106265739,263.63416054313814,254.90884523128253,261.50018310546875,90483000,0.0,0.0,,0.0,0.0,3.9438767662544505,249.58247811453683,247.7843282063802,5.6736744544449556,84.10686308421673,59.500616854945285,1
2025-10-21,261.141213133835,264.5415968076956,261.0913359303388,262.0286865234375,46695900,0.0,0.0,,0.0,0.0,0.20210441602466211,252.07542201450892,248.72898813883464,6.8252497069068525,-48.39262623918306,59.20523653784431,0
2025-10-22,261.9090191460537,262.1084670888602,254.70938662410157,257.72088623046875,45015300,0.0,0.0,,0.0,0.0,-1.6440185806081309,253.6125008719308,249.78134460449218,6.691827027589998,-3.599031178326151,51.556615145202755,1
2025-10-23,259.2066564378435,259.8847307097371,257.2821086816683,258.84765625,32754900,0.0,0.0,,0.0,0.0,0.43720555055193344,255.29487827845983,250.76356455485026,6.238140004085177,-27.23607306849005,51.82924072137534,1
2025-10-24,260.4531458541269,263.3848541030092,258.44880663072195,262.0785522460937,38253700,0.0,0.0,,0.0,0.0,1.2481843733494147,257.21515982491627,251.7191935221354,5.907047925931791,16.787717257570623,56.879929133482314,1
2025-10-27,264.13273028939324,268.3607587413759,263.9033682058253,268.0516357421875,44888200,0.0,0.0,,0.0,0.0,2.2791195406501874,260.2579781668527,252.78650665283203,5.041455558409739,17.343420375022546,62.24913115031715,1
2025-10-28,268.2311073414233,269.12859257872884,267.39348082722177,268.2410888671875,41534800,0.0,0.0,,0.0,0.0,0.07067784700340862,262.6383841378348,253.8119379679362,4.107425010946169,-7.470560191765319,61.17691384118964,1
2025-10-29,268.5203194424725,270.6443152614699,266.35642794866993,268.93914794921875,51086700,0.0,0.0,,0.0,0.0,0.26023570250897077,263.7010934012277,254.8327163696289,4.685515046227425,22.99734198792338,67.16357284070044,1
2025-10-30,271.2226702585742,273.36662916750566,267.72259312931254,270.63433837890625,69886500,0.0,0.0,,0.0,0.0,0.6303249053230431,264.9304722377232,255.946896870931,5.26652387539782,36.799793292579096,83.89105154125201,0
2025-10-31,276.2085578376442,276.53764389728985,268.4006608909581,269.60723876953125,86167100,0.0,0.0,,0.0,0.0,-0.37951562818203666,266.62852260044644,256.7735575358073,4.399394502607725,23.29577243101315,80.53238841576265,0
2025-11-03,269.6571458353552,270.08592548154905,265.4988962118729,268.2909851074219,50194600,0.0,0.0,,0.0,0.0,-0.4882115436205092,267.9775695800781,257.20467173258464,2.7571252567445828,-41.747372256928685,77.70836986148525,1
2025-11-04,267.5730004152706,270.7240893859628,266.8650119182292,269.2781982421875,49274800,0.0,0.0,,0.0,0.0,0.36796358788213634,269.00609043666293,257.7235371907552,0.9218352556468282,-1.832468034410073,77.36651538673486,1
2025-11-05,267.8521863717013,270.93349568379296,266.17693326929896,269.3778991699219,43683100,0.0,0.0,,0.0,0.0,0.037025250608935245,269.195556640625,258.31619415283205,0.8240810340956223,-11.347991265312086,81.48770256651139,0
2025-11-06,267.1342708755924,272.6287059365568,267.1342708755924,269.0089416503906,51204000,0.0,0.0,,0.0,0.0,-0.13696651457605347,269.3052498953683,258.74498138427737,0.7204449386355474,17.216955756345122,77.69333781984584,0
2025-11-07,269.03885049148494,271.5218466038475,266.0173996929098,267.7126159667969,48227400,0.0,0.0,,0.0,0.0,-0.4818894404181151,269.1300310407366,259.177424621582,0.9400165002067635,-5.813217717365826,63.59673788897869,1
2025-11-10,268.46119877683986,273.2223721938244,266.9639805623884,268.9303283691406,41312400,0.26,0.0,,0.0,0.0,0.4548580566314353,268.88660103934154,259.6846944173177,0.666323189135925,-14.338322198584208,64.66280850489963,1
2025-11-11,269.3096487524697,275.3983427074405,269.2996575494418,274.73956298828125,46208300,0.0,0.0,,0.0,0.0,2.1601262506795837,269.61979021344865,260.3789576212565,2.3323378770614727,11.850921273031823,83.98847848187054,0
2025-11-12,274.49005224267427,275.2187095291286,271.19618380015726,272.962890625,48398000,0.0,0.0,,0.0,0.0,-0.6466751071293797,270.2872052873884,260.9867426554362,2.5472631398593175,4.7387590541093205,77.47667149038702,0
2025-11-13,273.6016390736082,276.1868626363035,271.58539619817094,272.4438171386719,49602800,0.0,0.0,,0.0,0.0,-0.1901626573266424,270.7394365583147,261.5213831583659,2.6182877555482817,2.489359064424157,72.55865666506828,0
2025-11-14,270.5473523374902,275.4482508823214,269.1000594959977,271.90484619140625,47431300,0.0,0.0,,0.0,0.0,-0.1978282909578022,271.10042898995533,262.0084752400716,2.573090600429922,-4.377777060972365,60.98411825704483,0
2025-11-17,268.3214829895084,269.98836893107386,265.237217022597,266.9639892578125,45018300,0.0,0.0,,0.0,0.0,-1.817127205638569,270.8082929338728,262.3750803629557,2.940044825830872,-5.0873579260952155,47.13543306655423,0
2025-11-18,269.48928956232544,270.2079555294705,264.8279672087311,266.94403076171875,45677300,0.0,0.0,,0.0,0.0,-0.007476100484282711,270.698495047433,262.7479995727539,3.085668449649074,1.463849145791829,45.38449808111016,1
2025-11-19,265.0376012369211,271.7052065666708,265.0076580872151,268.0619812011719,40424500,0.0,0.0,,0.0,0.0,0.41879581883252914,270.57444545200894,263.1056655883789,3.1844720240406788,-11.499804060222473,43.88581575408345,0
2025-11-20,270.327749378444,274.91922505965954,265.4268814706152,265.7562561035156,45823600,0.0,0.0,,0.0,0.0,-0.8601462569680418,269.2911158970424,263.52009735107424,3.0326933494776114,13.356009350764996,41.371161302233986,1
2025-11-21,265.4568071090486,272.8230952896135,265.17732758833057,270.98651123046875,59030800,0.0,0.0,,0.0,0.0,1.9680647235321702,269.00877598353793,264.40037841796874,2.708560460472935,28.821829799491972,55.13852318726083,1
2025-11-24,270.397645153795,276.48633959077114,270.397645153795,275.4083557128906,65585800,0.0,0.0,,0.0,0.0,1.6317581500066458,269.4322814941406,265.34861246744794,3.4621143145128737,11.104372632591808,60.33292009814764,1
2025-11-25,274.75950033189645,279.8600396675645,274.7395483878858,276.45635986328125,46914200,0.0,0.0,,0.0,0.0,0.38052736187974556,270.0824977329799,266.3281239827474,4.32400365813613,-28.468967367936347,61.56175136753935,1
2025-11-26,276.4464065684995,279.0116481613461,276.11703191175064,277.0353088378906,33431400,0.0,0.0,,0.0,0.0,0.20941785347086128,271.52125767299106,267.27474822998045,4.766345941590054,-28.73927297065707,63.02071369163135,1
2025-11-28,276.7458380127342,278.4826014787427,275.4781737009374,278.3328857421875,20135600,0.0,0.0,,0.0,0.0,0.46837961187689015,273.1482369559152,268.32744750976565,4.88579849249885,-39.77039549644945,67.22795323965025,1
2025-12-01,277.4944549964911,282.89442609469603,275.6279276857388,282.57501220703125,46587700,0.0,0.0,,0.0,0.0,1.524119743713337,275.2215270996094,269.3606730143229,5.418033643131964,131.36981267009676,70.15629719458482,1
2025-12-02,282.47518456741903,286.86701880065203,282.10587559562896,285.6592712402344,53669500,0.0,0.0,,0.0,0.0,1.0914832876105063,278.06481497628346,270.1659759521484,4.811369822563466,15.20100799137969,67.54326528491008,0
2025-12-03,285.6692634925469,288.0847586222564,282.77461708045536,283.623046875,43538700,0.0,0.0,,0.0,0.0,-0.7128157809805358,279.87003435407365,270.8857879638672,4.018198525150143,-18.876270507457683,66.98462926837807,0
2025-12-04,283.5731318378766,284.20196835267484,278.0733405949076,280.179443359375,43989100,0.0,0.0,,0.0,0.0,-1.2141479874668626,280.55161830357144,271.6344065348307,3.5074391702732015,1.0344819666181948,61.27435064213018,0
2025-12-05,280.01974631085085,280.6186397013617,277.5343433093784,278.26300048828125,47265800,0.0,0.0,,0.0,0.0,-0.6840055245008081,280.80970982142856,272.2815846761068,3.2097021769828284,7.448890747935288,58.909026534141354,0
2025-12-08,277.6142094762677,279.15136205700173,275.6378704438954,277.3746643066406,38211800,0.0,0.0,,0.0,0.0,-0.3192433705098474,280.85818917410717,272.791455078125,3.145104968048232,-19.155499325093405,66.4563098834242,0
2025-12-09,277.6441787437343,279.5107061083118,276.4064879695729,276.6659851074219,32193300,0.0,0.0,,0.0,0.0,-0.25549528865235205,280.6200605119978,273.07860005696614,3.419322356249592,-15.750370304460926,65.04016293679024,1
2025-12-10,277.23491184461454,279.2312028389952,275.92734368017386,278.26300048828125,33038300,0.0,0.0,,0.0,0.0,0.5772358970110858,280.0040588378906,273.41266377766925,3.3967700747340746,2.62476975022754,65.55078859539674,0
2025-12-11,278.5824273392719,279.07150890817053,273.3022288840155,277.514404296875,33248000,0.0,0.0,,0.0,0.0,-0.2690246960942222,278.8405064174107,273.69850565592446,2.3793645655647224,0.6347178880269366,68.81790697788003,1
2025-12-12,277.3846158689452,278.70217518025987,276.30663218031253,277.763916015625,39532900,0.0,0.0,,0.0,0.0,0.08990946591842519,278.0034877232143,273.9361582438151,1.106827750742546,18.903091915303172,62.903851830159695,0
2025-12-15,279.6304615267261,279.6304615267261,272.33402020742307,273.6016540527344,50409100,0.0,0.0,,0.0,0.0,-1.4984890847580368,277.06380353655135,274.0693054199219,1.6233051754705274,27.51176867874605,46.52578577967653,1
2025-12-16,272.3140798989353,274.9891026980292,271.2859911871425,274.1007385253906,37648600,0.0,0.0,,0.0,0.0,0.18241281266524467,276.4691946847098,274.2629638671875,1.856406981275069,-25.313881818957295,45.372545211040816,0
2025-12-17,274.50001118897205,275.6478724530811,271.13626563598973,271.3358764648437,50138700,0.0,0.0,,0.0,0.0,-1.0087028861802239,275.6065107073103,274.33155314127606,2.6140325322156825,33.1754700041967,39.68935396356907,1
2025-12-18,273.1025913325419,273.12257373871984,266.4549687260805,271.68524169921875,51630700,0.0,0.0,,0.0,0.0,0.1287574790797441,274.8949759347098,274.40846455891926,2.9356682651450083,2.9757452825861064,37.54673618495529,1
2025-12-19,271.6453053723066,274.09077415448866,269.399477884542,273.1625061035156,144632000,0.0,0.0,,0.0,0.0,0.5437411303821804,274.1663338797433,274.5469167073568,2.570678139795981,180.12790839558636,30.32955735461259,0
2025-12-22,272.3539780142796,273.37210596231955,270.00836035897595,270.4674987792969,36571800,0.0,0.0,,0.0,0.0,-0.9865948891234266,273.15963309151783,274.6387461344401,2.4161952471350974,-74.71389457381493,17.726869596336428,1
2025-12-23,270.3377490962612,271.99467443806464,269.06012395403746,271.8549194335937,29642000,0.0,0.0,,0.0,0.0,0.5129713035979089,272.3154907226562,274.7362325032552,1.3255702512040204,-18.948479429505795,24.291310655274245,1
2025-12-24,271.8349404799371,274.9192064044749,271.69521595033444,273.3022155761719,17910600,0.0,0.0,,0.0,0.0,0.5323781322749577,272.272713797433,274.6883209228516,1.2812376641909693,-39.57695162269752,33.54032730465228,0
2025-12-26,273.65160578690546,274.8593534534055,272.35399820928086,272.8930053710937,21521800,0.0,0.0,,0.0,0.0,-0.14972809650133367,272.1001804896763,274.685991414388,1.0554724650742746,20.162361953256735,36.148318880555166,1
2025-12-29,272.1843267483383,273.8512128461511,271.8449608988494,273.2523498535156,23715200,0.0,0.0,,0.0,0.0,0.13167962364344366,272.37396240234375,274.7129425048828,1.07259580751942,10.191526731035516,39.06833182808452,0
2025-12-30,272.30405905646904,273.57169281796894,271.77504318392386,272.57354736328125,22139600,0.0,0.0,,0.0,0.0,-0.24841597541549465,272.5008632114955,274.7352325439453,1.0292021051949354,-6.643840237484822,39.13033610598222,0
2025-12-31,272.553621806917,273.17246717497864,271.24605357156486,271.3558349609375,27293600,0.0,0.0,,0.0,0.0,-0.4467463604312272,272.2427673339844,274.8816274007161,1.0616469786862412,23.279553379464858,31.277070959416548,0
2026-01-02,271.7551282774649,277.3247672708593,268.5011639041959,270.5074462890625,37838100,0.0,0.0,,0.0,0.0,-0.312648029845064,272.24847412109375,275.0004079182943,1.0505632267086156,38.6335990854999,31.108770775053713,0
2026-01-05,270.1381413175191,271.00652312062255,265.64648609237463,266.764404296875,45647200,0.0,0.0,,0.0,0.0,-1.3837112595369017,271.52125767299106,274.9571553548177,2.339527330038593,20.638192721093283,25.045418291386284,0
2026-01-06,266.5048844877732,267.0538524025104,261.63392891626114,261.8734741210937,52352100,0.0,0.0,,0.0,0.0,-1.8334268354402772,269.8885803222656,274.827729288737,4.165108999340606,14.68852415920363,24.24385398892592,0
2026-01-07,262.7119324450406,263.1910228349833,259.3282042611396,259.84722900390625,48309800,0.0,0.0,,0.0,0.0,-0.7737496605900951,268.02489798409596,274.4564198811849,5.3475505495470745,-7.72137125349317,20.665624077528705,0
2026-01-08,256.5433578451618,258.80916773471864,255.22581364132836,258.55963134765625,50419300,0.0,0.0,,0.0,0.0,-0.49552102640688656,265.92593819754467,273.89479573567706,5.816691147502914,4.366608845410247,22.003562983490767,1
2026-01-09,258.5995368285105,259.7274461787287,255.74485516422808,258.8890075683594,39997000,0.0,0.0,,0.0,0.0,0.12738888084979916,263.9710039411272,273.30921732584636,5.501192065722307,-20.671250890036152,21.935175554493725,1
2026-01-12,258.679389570116,260.81540508500296,256.32375036738995,259.7673645019531,45263800,0.0,0.0,,0.0,0.0,0.3392793467145605,262.3155081612723,272.7336191813151,4.574000369249882,13.167987599069942,19.829036799155517,1
2026-01-13,258.24022168851656,261.3244878277737,257.9108470550362,260.5658874511719,45730800,0.0,0.0,,0.0,0.0,0.307399257312313,260.8952854701451,272.14138590494787,2.809595794187505,1.0317295498831314,25.6144928930471,0
2026-01-14,259.0087756526009,261.334471811998,256.2339322781376,259.4779052734375,40019400,0.0,0.0,,0.0,0.0,-0.4175458991876879,259.85435703822543,271.37148234049477,1.1060935748072553,-12.489175785247575,19.061807729628214,0
2026-01-15,260.16664839115424,260.55593980217856,256.57331808587395,257.7311706542969,39388600,0.0,0.0,,0.0,0.0,-0.6731727764257678,259.2625994001116,270.44054565429684,0.9416744738390638,-1.5762355257699978,11.651915630486755,0
2026-01-16,257.4217218192236,258.41986733264514,254.4572284259222,255.05612182617188,72142800,0.0,0.0,,0.0,0.0,-1.0379221191344046,258.5781555175781,269.4883148193359,1.7978655259379188,83.15654783363715,10.482061794889006,0
2026-01-20,252.26132447540704,254.31750190322293,242.9685916985444,246.2425079345703,80267500,0.0,0.0,,0.0,0.0,-3.4555586545020445,256.81856645856584,268.3570836385091,4.998144743256313,11.261969316411346,6.4671304291368585,1
2026-01-21,248.2388060412761,251.09350304772093,244.72532928784557,247.1907501220703,54641700,0.0,0.0,,0.0,0.0,0.38508468560267684,255.1473868233817,267.3213419596354,6.038031365933983,-31.925499112343104,9.441767089814945,1
2026-01-22,248.737864640942,250.5345296526772,247.68980878155543,247.8894500732422,39708300,0.0,0.0,,0.0,0.0,0.2826561879143208,253.45054190499442,266.3385014851888,6.190387845080597,-27.32967678531232,11.871524377394039,0
2026-01-23,246.8613663013417,248.94748685874612,244.22624741136653,247.58001708984372,41689000,0.0,0.0,,0.0,0.0,-0.12482700788881695,251.59541756766183,265.3689692179362,5.622424228778887,4.988125908185448,12.08314912052262,1
2026-01-26,251.01365072947277,256.0842321951532,249.33677343540955,254.93637084960935,55969200,0.0,0.0,,0.0,0.0,2.9713035188522863,250.9466269356864,264.5914148966471,4.756605523928992,34.2541197917916,32.527276546903195,1
2026-01-27,258.6894015269614,261.4642450011371,257.73115984508394,257.7910461425781,49648300,0.0,0.0,,0.0,0.0,1.1197599163490057,250.95518057686942,263.93396962483723,4.77087178123873,-11.293532871650836,43.5832840070647,0
2026-01-28,257.1721946066941,258.3799421919039,254.03801819206552,255.9644470214844,41288000,0.0,0.0,,0.0,0.0,-0.7085580156587223,251.08494131905692,263.20732065836586,4.911287535693419,-16.839045848498337,43.85854145005445,1
2026-01-29,257.52154586161765,259.16847988830324,253.93820707645816,257.801025390625,67253000,0.0,0.0,,0.0,0.0,0.7175130728161117,252.7361580984933,262.68063303629555,4.954719597748785,62.887521798101155,48.82058328414748,1
2026-01-30,254.6968198516284,261.4143357105436,251.7123589200436,258.99884033203125,92443400,0.0,0.0,,0.0,0.0,0.46462768702772994,254.42302812848772,262.1772364298502,4.758263047943615,37.4561729588271,50.16626889639771,1
2026-02-02,259.5477742456141,269.98836769074944,258.72928762151224,269.50927734375,73913400,0.0,0.0,,0.0,0.0,4.0581019583889155,257.5115748814174,262.11634979248043,6.506148749021598,-20.04469762038177,61.41789117587936,0
2026-02-03,268.70080609664296,271.3758289780004,267.11372779647115,268.98028564453125,64394700,0.0,0.0,,0.0,0.0,-0.19627958800989553,260.5687561035156,262.0261845906575,6.075234103771178,-12.878179058195126,59.92469809045588,1
2026-02-04,271.7850411492978,278.432693698261,271.7850411492978,275.97723388671875,90545700,0.0,0.0,,0.0,0.0,2.601286642781786,263.5745936802455,262.12000885009763,7.787841203622557,40.610485024388645,67.07998989069313,0
2026-02-05,277.6142303156022,278.98168486317746,272.72332314901723,275.3983459472656,52977400,0.0,0.0,,0.0,0.0,-0.2097593092373451,266.0899222237723,262.2843704223632,8.425817225006641,-41.490981901956694,68.74210065577506,1
2026-02-06,276.6060720438839,280.3890519626743,276.4164219647768,277.6042175292969,50453400,0.0,0.0,,0.0,0.0,0.8009748840153375,269.1813180106027,262.47601369222,8.053188068400738,-4.764295718551681,74.16049620092893,0
2026-02-09,277.6541982366954,277.9439398399519,271.4499228389202,274.3672180175781,44623400,0.26,0.0,,0.0,0.0,-1.166048390953256,271.5479169573103,262.51151377360026,6.4200206792806025,-11.555217289617747,84.22619080778134,0
2026-02-10,274.6369782150198,275.11651686144285,272.68876099546605,273.4280700683594,34376900,0.0,0.0,,0.0,0.0,-0.3422959769044165,273.60923549107144,262.5293492635091,3.2560816437562035,-22.962167831227564,81.93641205162903,1
2026-02-11,274.44714753122867,279.92208361183503,274.1973776592452,275.24639892578125,51931300,0.0,0.0,,0.0,0.0,0.6650117732854843,274.4288242885045,262.59581756591797,2.7319398708873646,51.06452297909352,82.41569927537411,0
2026-02-12,275.3363333447182,275.46621856633783,259.94051360693726,261.4891052246094,81077200,0.0,0.0,,0.0,0.0,-4.998173910671744,273.35865565708707,262.2263361612956,5.393111386278261,56.12395607273455,62.49807362508936,0
2026-02-13,261.7688319830923,261.9886306947134,255.21485759663088,255.5445556640625,56290700,0.0,0.0,,0.0,0.0,-2.2733450234726726,270.43970162527904,261.6992935180664,8.4197888006659,-30.571480021510368,50.56071342757996,1
2026-02-17,257.8124646511843,266.0449008431299,255.30478047881587,263.6371154785156,58469100,0.0,0.0,,0.0,0.0,3.1667901487565153,268.75952584402904,261.4702824910482,8.43883039751136,3.869911015496341,54.91505819639912,1
2026-02-18,263.35737977838915,266.57441720150126,262.20844437502524,264.106689453125,34203300,0.0,0.0,,0.0,0.0,0.17811375828364895,266.831307547433,261.3816919962565,7.579328089674057,-41.501921527781334,57.005407295884666,0
2026-02-19,262.35827847824623,264.2365527856389,259.81060750150084,260.3401184082031,30845300,0.0,0.0,,0.0,0.0,-1.4261551090285374,264.8274361746652,261.33058013916013,7.093593027309194,-9.817766121982386,52.11436116819085,1
2026-02-20,258.73163460792017,264.5063132392292,257.9223826043077,264.3364562988281,42070500,0.0,0.0,,0.0,0.0,1.5350449692731916,263.5286342075893,261.48022104899087,6.005224450979866,36.39193005093158,54.24682028124201,1
2026-02-23,263.24744081710827,269.1819753311392,263.13755670993424,265.9349670410156,37308200,0.0,0.0,,0.0,0.0,0.6047257970275721,262.1984296526228,261.72606557210287,3.475500991411415,-11.31980841682414,46.68619288058999,1
2026-02-24,267.61343657617186,274.6369951599546,267.46358073991865,271.8895263671875,47014600,0.0,0.0,,0.0,0.0,2.239103564464129,263.6842041015625,262.15941619873047,5.00726434364518,26.016800596115598,52.45066535320121,1
2026-02-25,271.5298429675081,274.6869380517792,270.8005039088116,273.97760009765625,33714300,0.0,0.0,,0.0,0.0,0.7679860855135612,266.3174961635045,262.63309071858725,4.8579267200588205,-28.28972276697026,48.16369677511928,0
2026-02-26,274.6969199809464,275.8558253670768,270.55071567552415,272.6987609863281,32345100,0.0,0.0,,0.0,0.0,-0.46676776162442035,267.6120169503348,263.03751983642576,5.218593740248699,-4.0611847198369855,47.5523833134853,0
2026-02-27,272.5588900215503,272.5588900215503,262.6480379442022,263.93682861328125,72366500,0.0,0.0,,0.0,0.0,-3.213044438249635,267.58775111607144,263.18615061442057,5.23796860098946,123.73249734890291,38.924908489222716,1
2026-03-02,262.16844722421786,266.2846497598317,259.960490133898,264.476318359375,41827900,0.0,0.0,,0.0,0.0,0.20440108677830526,268.1786368233817,263.4109888712565,4.459572155997178,-42.19991294314358,41.61870099886165,0
2026-03-03,263.23749216234586,265.3155642216452,259.8905695547566,263.5072326660156,38568900,0.0,0.0,,0.0,0.0,-0.3664168116717992,268.06017630440846,263.692692565918,4.587812446100735,-7.791450204289485,41.59759563542075,0
2026-03-04,264.4063951364299,265.9050144519466,261.179387723623,262.2783508300781,39803100,0.0,0.0,,0.0,0.0,-0.46635601744375865,267.53780255998885,264.2272206624349,5.0545525575789325,3.1999875547396917,38.906006630231204,0
2026-03-05,260.549954795684,261.3192350446657,257.0132047817476,260.0504150390625,49658600,0.0,0.0,,0.0,0.0,-0.8494547048829904,265.8465009416853,264.65587615966797,5.329023878563449,24.760634221957577,48.46676766145887,0
2026-03-06,258.39192833924307,258.53178361058343,254.13584003818684,257.2229919433594,41120000,0.0,0.0,,0.0,0.0,-1.087259597443213,263.45298549107144,264.9669942220052,4.805182852286584,-17.194604761310227,51.9160330288295,1
2026-03-09,255.45463216869052,260.9095975388004,253.44647267699952,259.6407775878906,38218500,0.0,0.0,,0.0,0.0,0.9399570490431275,261.58755929129467,265.3690195719401,2.684168204618879,-7.0561770428015596,44.75890112704918,1
2026-03-10,257.4128391437035,262.2384104290217,256.71350175461305,260.58990478515625,30590800,0.0,0.0,,0.0,0.0,0.36555398041986376,261.1094273158482,265.557470703125,2.4867827464717256,-19.958135457958836,45.44511673573155,0
2026-03-11,260.8496568052655,261.888707997661,259.3110658747261,260.5699157714844,26218900,0.0,0.0,,0.0,0.0,-0.007670678451010549,260.5513698032924,265.6500996907552,1.9949791421287002,-14.291551708356764,50.32961953238675,0
2026-03-12,258.4219063383753,258.71164792954545,253.94601921584928,255.52456665039065,40794000,0.0,0.0,2026-03-12,0.08247422680412371,97.0,-1.9362746102732808,259.4109889439174,265.63543701171875,2.2842940488238836,55.590051451433894,37.729559748427704,0
2026-03-13,255.2448374700317,256.0940459350445,249.29033192864068,249.8897705078125,36930000,0.0,0.0,,0.0,0.0,-2.2051876328148534,257.6411917550223,265.371728515625,3.9118315723371744,-9.471981173702016,29.915017713874875,1
2026-03-16,251.8779423541949,253.6563027081548,249.6499992581203,252.58729553222656,32074200,0.0,0.0,,0.0,0.0,1.0794859745288043,256.57503182547435,265.1580103556315,4.155221388662757,-13.14865962632007,23.69281473911613,1
2026-03-17,252.72716690012703,254.89516767044785,251.94787083452104,253.99598693847656,32361600,0.0,0.0,,0.0,0.0,0.5577047742174601,256.11403111049106,264.6409006754557,4.249297144490906,0.8960472903455141,22.25304005305658,0
2026-03-18,252.3974721128864,254.70534343896443,248.7708084606242,249.7099456787109,35757900,0.0,0.0,,0.0,0.0,-1.6874444795081822,254.6953408377511,263.9985560099284,4.524465939109539,10.494845743102932,20.537776343707506,0
2026-03-19,249.17043241392184,251.5982036354298,247.0723745163624,248.73085021972656,34864100,0.0,0.0,,0.0,0.0,-0.3920930967820202,253.00119018554688,263.09034322102866,4.154575617734812,-2.4995875037404303,25.655801900458712,0
2026-03-20,247.7517334570195,248.97061168291063,245.77356028907465,247.76173400878903,88331100,0.0,0.0,,0.0,0.0,-0.38962445152317393,251.17144993373321,262.1691228230794,2.895215584662305,153.35832561287975,23.60369651915127,1
2026-03-23,253.73622734962268,254.3656523266213,250.0496214753341,251.25851440429688,40546100,0.0,0.0,,0.0,0.0,1.4113480475494988,250.56201389857696,261.29093271891276,2.1890526412349,-54.09759416558833,32.08651331351706,1
2026-03-24,250.1195650925759,254.5954370944537,249.32029842391177,251.4083709716797,45152300,0.0,0.0,,0.0,0.0,0.059642383756863815,250.77895682198658,260.5256378173828,2.18657526325338,11.360402110190627,33.58480827148236,1
2026-03-25,253.86611511385965,254.76528059453105,251.3684162845015,252.3874664306641,28476700,0.0,0.0,,0.0,0.0,0.3894442556547473,250.75040980747767,259.824284362793,2.1601766145859087,-36.93189494222886,37.97428282569963,1
2026-03-26,251.88793104116343,256.7634441190972,250.53918279672283,252.6572265625,41796700,0.0,0.0,,0.0,0.0,0.10688333127271132,250.5591583251953,259.0713119506836,1.8638811368962145,46.775082786980235,42.2093915753056,0
2026-03-27,253.666280215245,255.2548282141602,247.8416601166152,248.57098388671875,47900000,0.0,0.0,,0.0,0.0,-1.6173068672430957,250.39644949776786,258.64070790608724,1.9954395378823981,14.602348989274283,32.12904471791056,0
2026-03-30,249.83982057534303,250.63907198816295,245.2840052006544,246.40298461914065,39446200,0.0,0.0,,0.0,0.0,-0.8721851736991582,250.06389726911272,258.3359888712565,2.459338582640822,-17.64885177453027,27.964008786391588,1
2026-03-31,247.6818040942864,255.24482803058763,246.8725521332485,253.55638122558597,49598100,0.0,0.0,,0.0,0.0,2.9031290418426448,250.89170401436945,257.9999643961589,2.5295163582852567,25.73606583143624,41.08231627463364,1
2026-04-01,253.8461228128272,255.9441806293992,253.096813183035,255.3946990966797,40059400,0.0,0.0,,0.0,0.0,0.7250134515282447,251.48258754185272,257.7095647176107,3.0574807028226663,-19.231986709168293,49.82021128501081,1
2026-04-02,253.9660149621701,255.89424639361263,250.4192795609811,255.68443298339844,31289400,0.0,0.0,,0.0,0.0,0.11344553655323608,252.0934535435268,257.55437520345055,3.4430370701883493,-21.8924896528655,59.415585542565374,1
2026-04-06,256.2738916739028,261.9186847371787,256.2239194053331,258.6217041015625,29329900,0.0,0.0,,0.0,0.0,1.1487876222620041,252.9840589250837,257.36388346354164,4.244729904074028,-6.262504234660938,59.72933968980934,0
2026-04-07,255.92421782448065,255.96418954301225,245.47383916108728,253.26666259765625,62148000,0.0,0.0,,0.0,0.0,-2.07060792616357,253.0711212158203,256.941606648763,4.243158774161929,111.89298292868371,48.95684880473123,1
2026-04-08,258.2121146377317,259.51090582044134,256.29386854025813,258.66168212890625,41032800,0.0,0.0,,0.0,0.0,2.1301735790709264,254.5126495361328,256.50067850748695,4.172998249676365,-33.97567097895347,62.40996518548076,1
2026-04-09,258.7615948993736,260.879638597066,255.8342992320816,260.2502136230469,28121600,0.0,0.0,,0.0,0.0,0.6141348347641795,256.4908251081194,256.04309895833336,2.715517531434149,-31.46555925990915,65.70415570918564,0
2026-04-10,259.7406946341393,261.94865175168746,258.7815563792568,260.240234375,31291500,0.0,0.0,,0.0,0.0,-0.0038344821731151058,257.44566127232144,255.62781473795573,2.6866750525734937,11.272118229403727,67.4685603039367,0
2026-04-13,259.49093671136296,259.9405042051452,256.4237552437805,258.96142578125,36234700,0.0,0.0,,0.0,0.0,-0.49139542039732254,257.95519365583147,255.46196797688802,2.56849730648185,15.797261237077166,61.4972073349932,0
2026-04-14,259.01136264890187,261.68888841493145,256.9532612999924,258.5917358398437,48370700,0.0,0.0,,0.0,0.0,-0.1427586909096612,258.37052263532365,255.26581522623698,2.367291535086334,33.49275694293039,60.65184150065993,1
2026-04-15,257.92237663273806,266.3146386359468,257.5726926972944,266.18475341796875,49913500,0.0,0.0,,0.0,0.0,2.936295529114563,259.4509582519531,255.35506591796874,3.7958779839945533,3.1895341601424043,67.10429694342304,0
2026-04-16,266.55439590858066,266.91408037974617,261.0294875448873,263.15753173828125,43323100,0.0,0.0,,0.0,0.0,-1.1372633634406881,260.8639395577567,255.38437194824218,2.8275342347531747,-13.20364230118104,62.184078833866145,1
2026-04-17,266.7142527536172,272.0493335842862,266.47448343207725,269.98126220703125,61436200,0.0,0.0,,0.0,0.0,2.593021154924191,262.4810224260603,255.71540018717448,4.241474479854627,41.80933497372072,73.35950839191199,1
2026-04-20,270.08114756253855,274.0275237795767,270.04120633500696,272.79864501953125,36590200,0.0,0.0,,0.0,0.0,1.043547537139644,264.2736554827009,256.2345886230469,5.58155787265746,-40.4419544177537,78.3963891440566,0
2026-04-21,271.250098918132,272.5488901425708,265.1557075406741,265.9250183105469,50209800,0.0,0.0,,0.0,0.0,-2.5196703995697067,265.0857674734933,256.4440633138021,5.303529671721459,37.22198840126592,63.386732223738214,1
2026-04-22,267.5734973129919,273.48803128351057,266.62435952726383,272.9185791015625,43249200,0.0,0.0,,0.0,0.0,2.629899524101398,267.0796465192522,256.855019124349,5.240563951310566,-13.863030723085934,67.06230528206518,1
2026-04-23,274.79681820267325,275.5161566987003,271.39995382845746,273.1783142089844,33399600,0.0,0.0,,0.0,0.0,0.09516944880663125,269.1634434291295,257.2752990722656,4.072974263842655,-22.774062872839263,67.04305274389995,0
2026-04-24,272.50893317942314,272.80864483253174,269.4017800912603,270.8104858398437,38157100,0.0,0.0,,0.0,0.0,-0.8667702544387423,269.82426234654014,257.7848297119141,3.8798217130946315,14.244182565060658,62.00790100295828,0
2026-04-27,265.84505761361925,268.1129570778125,264.8260075108844,267.3636474609375,41466800,0.0,0.0,,0.0,0.0,-1.2727861582673916,270.42513602120533,258.36729227701824,2.8693809888262343,8.673877207649427,64.43033403475798,1
2026-04-28,272.0893199684016,272.97851539952296,268.4127145556596,270.4608154296875,40018900,0.0,0.0,,0.0,0.0,1.1584102768505522,270.493643624442,258.9630762736003,2.862734111812137,-3.4917090298745013,62.67439695369168,0
2026-04-29,267.3037117460274,270.7905199823619,266.7942019267937,269.9213256835937,30047900,0.0,0.0,,0.0,0.0,-0.1994705758897819,270.0825980050223,259.4939208984375,2.677165368287149,-24.915727318841853,60.628044760111536,1
2026-04-30,270.25102650288807,275.7459641951834,267.893213328058,271.1002502441406,91848200,0.0,0.0,,0.0,0.0,0.4367659937803081,270.82191685267856,260.2069310506185,1.9547927046669835,205.67260940032415,61.635642515457526,1
2026-05-01,278.6032901046287,286.95561044034525,278.1137509144006,279.88214111328125,79915400,0.0,0.0,,0.0,0.0,3.239351812191993,271.81671142578125,261.24530741373695,3.9516166412647884,-12.9918713703698,69.31020379190164,0
2026-05-04,279.4025768563376,280.3716851917065,274.60697695873915,276.5751647949219,46668400,0.0,0.0,,0.0,0.0,-1.1815603186417278,272.3019757952009,262.2057551066081,4.336515310834121,-41.60274490273464,65.74527265877373,1
2026-05-05,276.6750995896243,284.3080821831616,276.2455026895375,283.9184265136719,49311700,0.0,0.0,,0.0,0.0,2.6550690927708454,274.1745387486049,263.29441884358727,6.069103876096832,5.664003908426252,65.59480353022443,1
2026-05-06,281.66051049385584,287.7648717000964,280.8112868075762,287.245361328125,58336100,0.0,0.0,,0.0,0.0,1.1717924952267644,277.01478358677457,264.4889851888021,6.940141193818042,18.300727819158546,71.07150713426859,0
2026-05-07,289.00371711581823,291.8611003514943,285.5169394038565,287.1754150390625,45224300,0.0,0.0,,0.0,0.0,-0.024350711440246364,279.40258353097096,265.6485834757487,7.18060085266073,-22.476305409514865,67.0564850111163,1
2026-05-08,289.7430674686918,294.4886952888782,289.7330669166447,293.0500183105469,52692800,0.0,0.0,,0.0,0.0,2.0456497888878378,282.70668247767856,266.99500986735023,7.408383858601462,16.514351797595552,68.94040026190156,0
2026-05-11,291.9800109863281,293.8800048828125,290.2300109863281,292.67999267578125,42247300,0.27,0.0,,0.0,0.0,-0.12626705737772692,285.7895028250558,268.465310160319,6.158139416452685,-19.823391431087355,78.48869137638235,1
2026-05-12,292.5599975585937,295.2699890136719,292.5599975585937,294.79998779296875,45748100,0.0,0.0,,0.0,0.0,0.7243389265544797,287.9206237792969,270.0785435994466,6.35132883401636,8.286446707836959,75.99753733875943,1
2026-05-13,293.5,300.9200134277344,293.5,298.8699951171875,52684300,0.0,0.0,,0.0,0.0,1.3805995565634221,291.1055995396205,271.58899739583336,5.199311921123618,15.161722563341428,77.9903062204965,0
2026-05-14,299.82000732421875,300.45001220703125,295.3800048828125,298.2099914550781,35324900,0.0,0.0,,0.0,0.0,-0.220833028705536,293.14725167410717,273.0161738077799,4.68749384061063,-32.949854131116865,81.0046902766718,1
2026-05-15,297.8999938964844,303.20001220703125,296.5199890136719,300.2300109863281,54862800,0.0,0.0,,0.0,0.0,0.6773815730967137,295.00220162527904,274.5010264078776,4.529217842777203,55.30914454110274,88.43187844140633,0
2026-05-18,300.239990234375,300.6600036621094,294.9100036621094,297.8399963378906,34483000,0.0,0.0,,0.0,0.0,-0.7960612067346995,296.5257132393973,275.8083028157552,2.9896979418296503,-37.146846314807114,82.55388569939822,1
2026-05-19,296.9700012207031,300.510009765625,296.3500061035156,298.9700012207031,42243600,0.0,0.0,,0.0,0.0,0.3793999787491842,297.37142508370533,277.3317474365234,2.6619933487330276,22.50558246092278,84.06062206534973,1
2026-05-20,298.17999267578125,302.79998779296875,298.0799865722656,302.25,38229800,0.0,0.0,,0.0,0.0,1.09709963070026,298.7385689871652,278.7846913655599,2.2812507365704615,-9.50155763239875,84.80910350227568,1
2026-05-21,301.0599975585937,305.5400085449219,300.3999938964844,304.989990234375,42965100,0.0,0.0,,0.0,0.0,0.9065310949131433,300.1942836216518,280.27601725260416,2.580656881687929,12.386410601154063,82.43758772414012,1
2026-05-22,306.1199951171875,311.3999938964844,305.8399963378906,308.82000732421875,43670200,0.0,0.0,,0.0,0.0,1.2557845216167651,301.615713936942,281.8953430175781,4.051025796170393,1.6410994039348203,91.10259787648047,0
2026-05-26,309.5599975585937,311.82000732421875,307.6700134277344,308.3299865722656,48000500,0.0,0.0,,0.0,0.0,-0.1586751960143129,303.0614275251116,283.54096171061195,4.421854003173774,9.915915200754743,87.70523176010981,1
2026-05-27,308.3299865722656,313.260009765625,308.29998779296875,310.8500061035156,50430900,0.0,0.0,,0.0,0.0,0.8173125031610828,304.5785696847098,285.28290405273435,5.063756038113584,5.063280590827168,87.39092980737902,1
2026-05-28,310.67999267578125,312.79998779296875,309.57000732421875,312.510009765625,48220400,0.0,0.0,,0.0,0.0,0.5340207912225559,306.6742858886719,286.8270792643229,4.840883828308335,-4.383225363814647,88.20661368502246,0
2026-05-29,311.7799987792969,315.0,309.5299987792969,312.0599975585937,70026800,0.0,0.0,,0.0,0.0,-0.1439992937726342,308.5442853655134,288.45716145833336,3.781017038615649,45.22235402443779,84.2767544771921,0
2026-06-01,309.6300048828125,310.94000244140625,305.0199890136719,306.3099975585937,48849900,0.0,0.0,,0.0,0.0,-1.8425943872925732,309.12428501674106,289.6681193033854,2.851775927718381,-30.24113625069259,70.58284606139246,1
2026-06-02,307.4599914550781,315.45001220703125,306.69000244140625,315.20001220703125,44534700,0.0,0.0,,0.0,0.0,2.902293336585271,310.5828595842634,291.0814982096354,2.992372102855226,-8.833590242764055,75.5766793797329,0
2026-06-03,314.17999267578125,316.94000244140625,308.8500061035156,310.260009765625,50836700,0.0,0.0,,0.0,0.0,-1.5672595971098935,310.78857421875,292.559331258138,2.8990256739818907,14.150763337352679,63.97543623155841,1
2026-06-04,313.2300109863281,313.5400085449219,309.6499938964844,311.2300109863281,44869100,0.0,0.0,,0.0,0.0,0.31264139436979477,311.20286342075894,293.8363789876302,2.688706738516332,-11.738763531071061,65.85482415653253,0
2026-06-05,312.8599853515625,315.1700134277344,307.1499938964844,307.3399963378906,65310500,0.0,0.0,,0.0,0.0,-1.249884172837168,310.70143345424106,294.9751017252604,3.0662700818413406,45.55785607467053,58.28088323734265,0
2026-06-08,308.739990234375,317.3999938964844,301.1700134277344,301.5400085449219,77949100,0.0,0.0,,0.0,0.0,-1.887156849768501,309.13429042271207,295.999419148763,4.4699230122910185,19.351559090804706,53.99223693291677,0
2026-06-09,300.2799987792969,300.75,287.7799987792969,290.54998779296875,70108800,0.0,0.0,,0.0,0.0,-3.6446310408311478,306.0614318847656,296.7722971598307,8.068463249427028,-10.058230306700144,42.508898681284684,1
2026-06-10,290.739990234375,294.75,287.3800048828125,291.5799865722656,52793300,0.0,0.0,,0.0,0.0,0.3544996808021894,303.9571446010045,297.47626953125,9.74042173865027,-24.698040759505226,40.11122066118089,1
2026-06-11,293.7200012207031,297.0,289.5899963378906,295.6300048828125,42572500,0.0,0.0,,0.0,0.0,1.3889904990249002,301.1614292689732,298.3332255045573,8.731951941346805,-19.36003242835739,41.53097808438871,0
2026-06-12,296.0299987792969,297.1400146484375,289.6199951171875,291.1300048828125,38742100,0.0,0.0,,0.0,0.0,-1.5221729613622226,298.42857142857144,299.000883992513,8.396900544905323,-8.997357449057485,34.185619391526714,1
2026-06-15,294.1199951171875,297.7799987792969,291.70001220703125,296.4200134277344,45732600,0.0,0.0,,0.0,0.0,1.8170605764429082,296.3128574916295,299.55214640299477,6.216528570635839,18.043678582214184,40.19434131790692,1
2026-06-16,295.25,300.4800109863281,293.9700012207031,299.239990234375,39874400,0.0,0.0,,0.0,0.0,0.9513449426140408,295.1557137625558,300.3076405843099,4.271393381321086,-12.809680621700936,40.48828077144443,0
2026-06-17,300.8500061035156,302.07000732421875,294.3599853515625,295.95001220703125,42745100,0.0,0.0,,0.0,0.0,-1.0994446379867018,294.35714285714283,300.7086934407552,3.288274375765451,7.199355977770194,36.78583743578457,1
2026-06-18,298.1099853515625,300.57000732421875,295.6199951171875,298.010009765625,85962200,0.0,0.0,,0.0,0.0,0.6960626705947437,295.422860281808,301.06751505533856,3.0489129698326862,101.10422013283396,39.06956315289654,0
2026-06-22,297.3099975585937,302.4200134277344,296.760009765625,297.010009765625,44879900,0.0,0.0,,0.0,0.0,-0.3355591984264161,296.1985778808594,301.3953348795573,2.5597663424565016,-47.79112214438439,42.18751281819903,0
2026-06-23,297.5400085449219,301.6400146484375,294.17999267578125,294.29998779296875,52010900,0.0,0.0,,0.0,0.0,-0.912434558954689,296.0085754394531,301.43700052897134,2.656535492622607,15.889072836615048,30.408685891091096,0
2026-06-24,295.3599853515625,299.70001220703125,292.94000244140625,293.0799865722656,53081900,0.0,0.0,,0.0,0.0,-0.4145434153267291,296.28714425223217,301.45033365885416,2.1046006325076063,2.059183748022053,32.68841765639637,0
2026-06-25,287.3999938964844,288.79998779296875,273.75,275.1499938964844,107013700,0.0,0.0,,0.0,0.0,-6.117781321571137,293.24857003348217,300.7953338623047,8.253352863107443,101.60111073642804,22.904770329844595,0
